subject_session,ageGroup,gender,age,BAT_all_dprime,BAT_fast_dprime,BAT_med_dprime,BAT_slow_dprime,BAT_all_hits,BAT_fast_hits,BAT_med_hits,BAT_slow_hits,BAT_all_fa,BAT_fast_fa,BAT_med_fa,BAT_slow_fa,DurDisc_threshold,Anisochrony_tones_threshold,Anisochrony_music_threshold,Unpaced_spontaneous_right_CV_iti,Unpaced_spontaneous_final_right_CV_iti,Unpaced_fast_CV_iti,Unpaced_slow_CV_iti,Unpaced_spontaneous_right_mean_iti,Unpaced_spontaneous_final_right_mean_iti,Unpaced_fast_mean_iti,Unpaced_slow_mean_iti,Paced_metro_450_mean_CV_iti,Paced_metro_450_vecDirPct,Paced_metro_450_mean_vector_direction,Paced_metro_450_vecLenLogit,Paced_metro_600_mean_CV_iti,Paced_metro_600_vecDirPct,Paced_metro_600_mean_vector_direction,Paced_metro_600_vecLenLogit,Paced_metro_750_mean_CV_iti,Paced_metro_750_vecDirPct,Paced_metro_750_mean_vector_direction,Paced_metro_750_vecLenLogit,Paced_music_badine_mean_CV_iti,Paced_music_badine_vecDirPct,Paced_music_badine_mean_vector_direction,Paced_music_badine_vecLenLogit,Paced_music_ross_mean_CV_iti,Paced_music_ross_vecDirPct,Paced_music_ross_mean_vector_direction,Paced_music_ross_vecLenLogit,Adaptive_adaptation_index_acceleration,Adaptive_adaptation_index_deceleration,Adaptive_iso_600_CV_iti,Adaptive_minus_30_dprime2,Adaptive_minus_75_dprime2,Adaptive_plus_30_dprime2,Adaptive_plus_75_dprime2,SyncCont_metro_450_mean_CV_iti,SyncCont_metro_600_mean_CV_iti,SyncCont_metro_750_mean_CV_iti,SyncCont_metro_450_mean_mean_iti,SyncCont_metro_600_mean_mean_iti,SyncCont_metro_750_mean_mean_iti,BTI
A01_PRE,Age_22_29,-0.6778343894045651,-0.567646229601274,1.6365616971090902,1.5468807013103434,1.3137498203484415,1.002338654897604,1.0092739764220702,1.0081332208308758,0.9745209923971281,0.7866875738673763,-0.7203131176319608,-0.7332123767293798,-0.5590169943749473,-0.5104167109736747,-0.48446362625885314,-1.0755356292674152,-0.3519469953880882,-0.03781273456550058,-0.7772074630603809,1.5399056749892255,-0.6647390285881697,-0.4866550246654794,-0.49235822243245164,-0.6674497905690001,-0.991516276168751,-0.9290390478839379,0.6669714203317493,0.6716998005542165,1.181020302757401,-0.8641120806354098,0.7422850804499697,0.7306936845011338,1.2494329874074208,-1.3010058394449442,0.637821220075922,0.6434581633156605,1.1173990431711331,0.14626390958495408,0.24934511230676162,0.270554129680123,0.04823418635796176,-0.31407061592822827,0.2241686160427046,0.2748710563083569,0.910142218295669,-0.4853810996151462,-1.0270427233542905,-0.7055890480703819,1.965039293732627,0.7145300627694913,0.8685228978917701,0.7464186222269159,-0.5947901469995078,-0.9753463830561401,-1.3075373206896805,0.32899859899252776,0.2420241943511674,0.5220890963286984,1.3550288537892472
A02_PRE,Age_18_21,-0.6778343894045651,-0.87315682493485,1.6365616971090902,1.5468807013103434,1.3137498203484415,1.002338654897604,1.0092739764220702,1.0081332208308758,0.9745209923971281,0.7866875738673763,-0.7203131176319608,-0.7332123767293798,-0.5590169943749473,-0.5104167109736747,0.09220568982435784,0.8163398089900261,-0.6337770219197835,0.20487527480762724,-5.4899730463686356e-15,0.019421384339760817,0.5160260754018574,0.05099568563191471,0.07698978532778637,0.8604670095978992,1.4996184061624471,0.6097089400295875,-0.556525462033783,-0.1835635374861103,0.20107679155775998,0.6077096368805583,-1.4751425550175,-1.3520680913908572,-0.3175371298243701,-1.0428643502121773,-1.2554218125571543,-1.1906090011390982,0.4108614783843462,1.2342964431721102,-1.0240925514659083,-0.951841979477302,-1.755820027893215,0.4333392427219598,-3.5903608395481124,-2.9095107819912593,-1.4463475874697287,0.41211652301715973,2.0000823568255144,1.8633524498245284,-0.4560885857097701,0.7145300627694913,-0.9277051395835293,0.7464186222269159,1.7440606168358848,1.6569871202102975,4.235229954886696,0.21282653811610758,0.28784459066649243,2.205037108406371,0.046781916579317316
A03_PRE,Age_22_29,-0.6778343894045651,-0.771319959823658,-0.8176448386227473,-0.9445756273891253,-0.823293095642034,-0.10907971983195143,0.6401941024257376,0.681171095155997,0.2933024346049608,0.7866875738673763,2.330424792338694,2.6364445035588338,1.4534441853748632,1.6945834804325999,0.2983724401338996,-1.5283008039285066,-0.22252464099105856,0.32527231966391906,4.735644080393583,0.21413479717424935,1.0769919779297779,0.35778650508986254,0.7300069469004119,0.6945660805056698,0.9806991893629584,0.9060178651807188,-0.8208448166239977,-0.36833119547834814,-0.9726218398080232,3.0069165636221062,0.6727066046466351,0.6653407559500014,-0.4334230607465686,1.1218789170680799,-0.1851436387018049,-0.15378381722667545,-0.07428125970732481,0.5978618964672183,-0.9165293153965715,-0.8485900614603621,0.13396125410556806,0.7222457587179894,-0.8334280791943539,-0.6080141718087134,0.05187935185831242,-0.3527107454703532,-1.2443049323314792,1.4405072901719205,-2.2961211052106227,-1.4204994477935886,-1.855972950566292,-3.2919917239475085,2.1309402474399692,3.2234713765623653,1.5646388766680566,-1.3191185098741405,0.8223973970428712,0.5461414250725836,-0.45292508300840917
A04_PRE,Age_22_29,-0.6778343894045651,-0.771319959823658,0.9639706221804518,0.9181112212217887,0.6905231711954907,1.002338654897604,0.7632207270911798,0.681171095155997,0.6339117135010445,0.7866875738673763,-0.7203131176319608,-0.7332123767293798,-0.5590169943749473,-0.5104167109736747,-0.6865219811817957,-0.5885811313826137,-0.6812107094453369,-0.3138767194530937,-0.6773771975401727,0.06221447452349544,-0.25744687102577457,-0.785768167278784,-0.5029999644254932,-0.4749131108959093,-0.24452995834455923,-0.17865447550014665,1.0699988394705024,0.9534288190605389,0.466363818449837,-0.8228459427012974,1.0589278409137297,1.0281065188856073,0.09886427156047664,0.7279993307126295,1.4211069780021093,1.4022612668979209,0.2857202957294108,-0.19403462415222145,0.404751574069701,0.4197316352630369,0.4230221252790459,-0.9776249668074505,1.2942057245709893,1.1681415826926775,1.0790906301491094,0.09512580072569646,0.443648643873016,-0.561897029844226,-0.9140805197091314,0.7145300627694913,0.06438983464104167,0.7464186222269159,-0.5910505583323161,-0.7029879554863868,-0.2965983180054165,0.3921454459223921,0.3599657051125989,1.0120318512073145,1.0972372800233887
A05_PRE,Age_22_29,-0.6778343894045651,-0.720401527268062,-1.6173740227617301,-0.6091685707169999,-1.429567017622211,-2.37757561352813,-0.9591520182250353,0.35420896948111835,-1.4097439598754573,-1.6507542533610526,1.5677403148460325,0.951616063414727,0.4472135954999578,2.797083576135737,-0.2484176367740155,1.3164323307516128,0.0,0.08415078375216375,0.37375021320853236,0.23772380753439218,-0.41087165469136805,0.03335545415883605,1.6961368920060587,-0.02726670717053563,1.7424639787598277,-0.008865765403842027,-0.9253542664593797,-0.441386633715466,0.473025448003631,1.4448556451950134,-0.6550705970686707,-0.5817996505284578,-0.11329950602463472,0.02168102520984488,0.983959275216859,0.9787772060163212,0.10889201456072924,1.1109123354034998,0.0,-0.03222591993299373,-2.5247773443177706,1.5811230690450477,-7.373858441829468e-17,-6.839690531725728e-17,-3.0857652839153924,-0.3055994739200368,-0.15730660801410043,-0.11236635346846344,-0.4560885857097701,0.7145300627694913,-0.7185506398237539,-0.9948715437282233,0.35679625285901884,0.8343018073269888,1.866861189404973,-0.7476711943100616,-2.0116230803761477,0.5853395725779663,-2.787241615071411
A07_PRE,Age_22_29,1.475286612233465,-0.771319959823658,-0.5694078878193631,-0.8761279012623315,-0.3852957774448301,0.309423543798385,0.39414085309484714,0.027246843806239644,0.2933024346049608,0.7866875738673763,0.805055837353371,0.951616063414727,0.4472135954999578,0.5920833847294626,1.02443795209359,1.472393388385738,1.6326189418958208,1.7717487240789453,0.007092232906154862,3.1917173401371914,0.6674023827866352,-0.8671899059634824,-1.4394545908026224,-0.43975994360994214,-1.1986566930326508,-0.008312002734895123,1.1988414177734226,1.0434938900789676,0.7994116271305995,-0.0754282861346428,0.9371199806476262,0.9136961312330025,-0.5152958913335783,0.4419892412004587,0.8718052029230319,0.8701286607379513,0.47811703740834804,-0.7521002218659001,0.5163277515839608,0.5268356491839221,0.9985857244431381,-0.28419752218114297,0.9636673148680193,0.8922070222252326,-0.2773876124193083,0.07269050085420013,-1.807424039300219,0.3956975793034923,-0.6977101289324583,-0.2164692400306775,-0.9277051395835293,-1.4771298805204267,-0.12219218528620428,-0.461805281931224,-0.22445732070006325,-1.1907677205879914,0.30207089332408543,-0.8341259006311885,-0.12219941015285256
A08_PRE,Age_18_21,1.475286612233465,-0.9749936900460421,-0.1606580919360741,0.3733468742879266,-0.3852957774448301,0.4068501077862815,0.6401941024257376,1.0081332208308758,0.2933024346049608,0.43848159854902935,0.42371359860703584,0.951616063414727,0.4472135954999578,-0.5104167109736747,-0.22302028347501396,3.6546410460840997e-16,0.0,1.406988022695584,0.883911468218636,0.4585451540736074,2.1454684638260737,0.5986061364302544,0.903024829002778,1.0479876274467688,-0.5561690504074059,2.288547056706398,0.8068999226258607,0.7695142859721624,-0.31681184661074446,1.2606954545902378,0.6922329312396078,0.6836812357027271,0.06991161788669092,2.1342258126983054,0.5497579759550885,0.5581474548363821,-0.23142119564127792,0.36423780025893115,-0.13766401579845938,-0.10094301216087882,0.11097735176981446,-0.3657585007313131,0.33453487215133654,0.3670051728763512,0.7923310389008671,-0.03884873026949378,-0.15350115121704347,2.142609707851157,-1.2420161243904801,-3.2199952666415563,-1.7614888157201818,-3.1173527923228237,2.5797639017391507,1.2157820084962148,2.2933651507688757,-1.3688457723202476,-1.0781815803651675,-1.5351197222968014,0.1902929929963723
A09_PRE,Age_22_29,1.475286612233465,-0.6185646621568699,1.145707282676743,1.5468807013103434,1.3137498203484415,0.309423543798385,1.0092739764220702,1.0081332208308758,0.9745209923971281,0.7866875738673763,-0.3389708788856284,-0.7332123767293798,-0.5590169943749473,0.5920833847294626,0.5986587938456234,-0.167104849270826,-0.533981471541348,0.1848272140766345,0.07777714681930971,-0.7282915472051013,-0.6582941710169802,-0.955947784010411,-0.23587118744215868,-0.9738359171734182,-0.9575901742797508,0.25915433981121605,-1.0253322897018298,-0.5112744602571265,-0.6382044508667174,1.0147709377401446,-1.7978449025316796,-1.6551725100617456,-2.724000861648073,0.12416178215646079,0.38948858343336457,0.402887498652948,0.24680341406905335,-1.017108570777538,-0.45611738152412484,-0.40663222356513085,1.0710121959743537,-0.9102421059757235,0.4796661935924563,0.48816128126297387,1.1652658010586436,-0.4453951644122345,1.0664509083716014,-0.3390269110955159,1.5070473597332659,0.7145300627694913,-0.21358851112681562,0.7464186222269159,0.12428156640591255,-0.20528301465856616,-0.47579800049640886,-0.5414112201235829,0.6317927182219191,-0.1863162376630948,1.4461665819327603
A11_PRE,Age_22_29,-0.6778343894045651,-0.567646229601274,0.2807780213294017,0.07306322460826883,0.07528961795812962,0.4068501077862815,0.025060979098514537,-0.29971528186863905,-0.047306844291122814,0.43848159854902935,-0.7203131176319608,-0.7332123767293798,-0.5590169943749473,-0.5104167109736747,0.5291895627630604,0.8163398089900261,0.8781717679572022,0.1112335895875335,0.21776571480035434,1.168111781907492,-0.6673781630044109,1.4984157595970866,0.7435233314065572,-0.8008138013217723,3.2659705440330153,0.5652796228943453,-1.7428980722519196,-1.0128758254038424,-0.8018801364721811,0.8069198009965942,1.2898708440086273,1.2450241993376032,-0.2171342068452933,0.7477640270291083,0.4700928977598545,0.48097241626334136,0.06019179303021936,1.1777781564348988,0.9208493276858297,0.9151433102218395,-1.2088073376993536,0.8475849723208039,1.8116759162510376,1.6001274146102196,-1.519025481073554,-0.5296341913796881,0.20701739415218537,0.1960507619095549,-0.9140805197091314,0.7145300627694913,0.06438983464104167,0.7464186222269159,1.9797854301510658,0.7444604184706377,-0.08451251363829476,-0.11783268609522919,0.8687847770406578,0.1573012617486541,-0.6679853773276058
A12_PRE,Age_18_21,-0.6778343894045651,-0.87315682493485,-2.107464840644713,-2.1749671577668637,-2.566585463277496,-1.451331588293373,-1.5742851415522583,-0.9536395332183966,-2.0909625176676245,-1.3025482780427056,2.330424792338694,2.6364445035588338,2.459674775249768,0.5920833847294626,2.3670117657035528,2.2182940988098148,-0.042395982640166294,3.617753782804649,4.001536628869009,3.9072150193645045,2.428189358743701,1.6911495827817402,2.400113133116924,1.4493211461149562,0.5379542140775603,3.8958043027082847,1.6016916141970163e-16,1.2440372402282849e-16,-4.387852168579037,2.690340613210746,-1.6460868430595215,-1.512630818781022,-2.508433969900798,3.064721295879355,-2.6732688492302437,-2.5641393136024493,-3.0128669166377144,1.525758142840195,0.0,-0.03222591993299373,-3.05858589635229,3.432350220571787,-7.373858441829468e-17,-6.839690531725728e-17,-1.355869729892558,0.0,4.3348661920842427e-16,-5.274535832820104e-15,0.0,0.0,0.0,-6.759968095106542e-16,1.1366092912960084,3.5661646640554943,2.9796171170707817,4.5030731965836015,4.493285734938835,-0.24235584983011402,-2.7305527300506496
A13_PRE,Age_18_21,-0.6778343894045651,-0.87315682493485,0.9639706221804518,0.9181112212217887,0.6905231711954907,1.002338654897604,0.7632207270911798,0.681171095155997,0.6339117135010445,0.7866875738673763,-0.7203131176319608,-0.7332123767293798,-0.5590169943749473,-0.5104167109736747,-0.25177905118124033,-0.36918143023052147,0.34601546068747013,-0.2381646127439456,-0.20670156955515886,0.3343712897635271,-0.26210607075160425,-0.6643414535847048,-0.301359199055272,0.27420320560176764,-0.8714698009451877,0.9111123133437953,0.7715526993574886,0.7448054496860285,0.3891885049325162,0.06854634020416046,-0.2839422779915166,-0.23321020185317182,-0.275169549070981,0.4544193465215737,0.6583052436510427,0.6633019310662766,0.32893222490475515,-0.005567807968767417,-0.23684343992247672,-0.19614715572178076,0.0034936731362163334,-0.020165582469057843,-0.2617318645850705,-0.13076027613930022,-1.3305540605659543,0.34558045001578225,0.6531238827442123,-0.21085943151640152,-0.09505858937407448,0.7145300627694913,0.06438983464104167,0.7464186222269159,-0.18220815337194918,1.1947996894278858,0.11817906075050465,-0.027466045597309776,-0.3132487153933413,-0.5254904202382173,0.21251632313482538
A15_PRE,Age_22_29,-0.6778343894045651,-0.6694830947124659,-0.21007639310294499,-0.12691987947449443,0.6905231711954907,-0.6210871018169478,0.025060979098514537,-0.6266774075435178,0.6339117135010445,0.09027562323068235,-0.3389708788856284,-0.7332123767293798,-0.5590169943749473,0.5920833847294626,0.23562603786577818,0.5760411142113528,-0.8305382720004141,-0.9940229462690665,-1.0515710924882438,0.15104088360274917,-0.6523777379450636,0.6156799067259513,1.364269130453733,-0.9082005704880992,0.9261495512656022,-1.5235623292477714,1.6247289593512286,1.3412028631785815,1.44518924044476,-1.997873622324133,0.7582664082165468,0.7457044555711038,1.0580061473348004,-1.046288609857225,1.662341244279204,1.6359554303486754,0.34889176441393777,-1.1567284744970758,0.0011783353386867776,0.03233430061586535,1.1056551242951391,-0.5186273474838191,0.2197649394963402,0.2711948525251006,-1.0603812536949686,0.17823743455543803,0.06690653800730079,-0.4021815520023003,-0.9140805197091314,0.7145300627694913,-1.053835864500048,0.047478767950279,-1.0818453863736381,-1.244466420588677,-1.6165128187440554,0.04391030934282075,0.3224582076756755,-0.172044762777434,-0.10279776280370441
A16_PRE,Age_18_21,1.475286612233465,-0.87315682493485,-2.2590317213052056,-1.043921373060255,-3.4509256527326433,-2.210026497230113,-1.9433650155485909,-0.9536395332183966,-3.1127903543558757,-1.3025482780427056,2.330424792338694,0.10920184334267358,3.4659053651246734,2.797083576135737,-0.3259169133849372,-0.17854764426028372,1.8740481977753394,0.6542596375046706,-0.05615669475056954,0.16993234307303148,0.5624540902658516,-1.8023437596178344,-0.9180078432318035,0.006779977499317424,1.0921306557273038,-0.21803570716290213,-0.20917908453128664,0.05924265725027277,-0.5483889063376619,0.5831424204108863,0.6906450895808535,0.6821898247271782,0.4221089799965812,0.2718666388541229,0.562278141684243,0.5702762858747497,0.38199416602696845,-0.10021781463384774,0.029938686391084997,0.059941887720128394,-0.031436495649714076,0.14121309689374592,-7.373858441829468e-17,-6.839690531725728e-17,-2.692025124513911e-16,-0.3458341766228094,0.4748530130173786,0.48271794506314536,0.5433658238391869,-0.2164692400306775,-0.3023030816249284,-0.810953046936422,0.2889024555876467,0.7962856738320248,0.5115601992774271,-1.1318917533154171,-0.4101266467748566,-0.972918961092358,6.456512839425135e-17
A17_PRE,Age_22_29,1.475286612233465,-0.6694830947124659,-0.3900343506852123,-0.12691987947449443,-0.7043756349622842,-0.9259655934921732,-1.3282318922213678,-0.6266774075435178,-1.4097439598754573,-1.6507542533610526,-0.7203131176319608,-0.7332123767293798,-0.5590169943749473,-0.5104167109736747,0.05709758379338515,-0.08891241684285114,-0.29742905582949375,-0.9038828786266399,-0.7221661991969518,0.05146181683005738,-1.0636868531143127,-1.536576577648633,-0.8135166384605349,-1.1744054241275659,-0.9445575587307659,-0.39056829638150664,1.187178134550936,1.0353408831648125,0.2709346171167656,-0.9890420308779555,0.3581936061328962,0.3699283416515341,0.3352777112129308,-0.03277186951925895,-0.7764563003395636,-0.7266142029420508,-1.6872354348566763,-0.936321085400189,1.1002188594565696,1.0873234050749803,0.6136550016637586,-0.22849717698749158,1.5343712173227577,1.3686325324175777,-0.6976493010624544,0.10271373876435382,0.40947767542939334,0.16345392742174591,0.2237553862004163,0.7145300627694913,-0.5283755933842041,0.7464186222269159,-0.9520890976340463,-0.0016223843869465641,0.3470823835340174,0.2958250464505431,-0.2548229762360899,-1.4626263348770514,-0.2610299854253133
A18_PRE,Age_18_21,1.475286612233465,-0.9240752574904461,0.5504485595388355,0.07306322460826883,0.6905231711954907,1.002338654897604,0.39414085309484714,-0.29971528186863905,0.6339117135010445,0.7866875738673763,-0.7203131176319608,-0.7332123767293798,-0.5590169943749473,-0.5104167109736747,-0.6667269852281581,0.004537075571080601,1.3914976969742703,-0.9846832762299923,-1.1568014650056577,-0.6365527590503265,-1.320224703651247,0.07304518671048725,0.27504697341993406,-0.3254818089362239,0.0017082247975366144,-0.8088996704656017,-0.13027796896172253,0.11439705318682981,0.8783937777558014,-0.8982535776839127,-0.20165788642432936,-0.15592299627880085,1.0786683541683941,-1.3553379557714773,0.8774810198622268,0.8756270723524155,1.4439432159768513,-0.7681906044728878,0.19267094266263718,0.2161515574666845,0.9298591103521942,0.06430521250390557,2.013410825394466,1.7685363857051513,0.30168521306681534,-0.6349991660632869,-0.8532570580265685,-1.0943627846386712,1.14601736339757,0.7145300627694913,2.262199690894131,0.7464186222269159,-1.5636723470326634,-0.6825177393817967,-1.495070189333276,0.18618520118646875,0.11503467276128744,0.3280063063704943,0.7518083665430415
A19_PRE,Age_18_21,1.475286612233465,-0.9749936900460421,0.9639706221804518,0.9181112212217887,0.6905231711954907,1.002338654897604,0.7632207270911798,0.681171095155997,0.6339117135010445,0.7866875738673763,-0.7203131176319608,-0.7332123767293798,-0.5590169943749473,-0.5104167109736747,-0.15534847537409102,-0.9458506193868667,-1.11797024782997,0.3844159620976142,0.0009037082785559748,-0.8727532780516558,-0.8792464858930508,1.0811611675219182,-0.8129533236765997,-1.1828003932699216,1.387842065754852,-0.1406336273287829,-1.2996185460788148,-0.7030093004424184,-0.20799139192675592,0.5911612789886919,-0.8914406260969499,-0.803814770008456,-0.26275780544826466,1.3883696680047015,-0.6465776719817027,-0.600795106539894,-0.2563508385945564,-0.3206209617096879,-1.6633066589464305,-1.565435294746337,0.2283317210899454,0.14121309689374592,-7.373858441829468e-17,-6.839690531725728e-17,-2.692025124513911e-16,-0.38472235907097074,0.025535275168036803,-0.48063191325936455,-0.6977101289324583,-0.2164692400306775,0.34306262677592664,0.047478767950279,-0.3025109943247507,0.3001998082340722,-0.2852177182932234,-0.17100584342449193,-1.2356276356638982,0.3255797937343686,6.456512839425135e-17
A22_PRE,Age_22_29,-0.6778343894045651,-0.567646229601274,-1.490623232281934,-1.8450185658645482,-1.0704869841183475,-1.2757823346187316,-0.9591520182250353,-0.9536395332183966,-0.7285254020832901,-0.9543423027243586,1.1863980760996973,1.7940302834867805,0.4472135954999578,0.5920833847294626,2.463621305703676,3.6546410460840997e-16,0.0,0.05370744930084886,0.4782690715728733,0.5432103685482372,0.13799287447626765,-0.25387971586171837,-1.1197886493366815,-0.3338266869319982,-0.9825571232351014,-1.140477749061426,-1.2475767696634676,-0.6666304391179178,0.3297248144110523,0.2797000438913044,-0.831581049193369,-0.747590505143308,0.1358525960946309,-0.13169318940007457,-0.6480775519753281,-0.6022481057584379,0.46567257123090455,0.8078277237450793,-2.1974056967717086,-2.0781267317249825,-0.3164695427507681,-0.12268271643765605,-2.4507638874327395,-1.9581714675237782,0.1827885913065036,-0.2425143883637007,-0.39660977420945953,0.39017689113273896,-0.6977101289324583,-0.2164692400306775,0.34306262677592664,0.047478767950279,0.03389291043269247,0.6272761786270817,0.8135114584799975,-0.7357503895853207,-2.33604749588546,-1.8678029719935876,-0.9851383183872686
A23_PRE,Age_18_21,-0.6778343894045651,-0.87315682493485,-0.4875101033294361,0.2974059257600854,-0.14707542094464449,-1.2757823346187316,-0.46704551956326035,0.027246843806239644,-0.3879161231872064,-0.9543423027243586,-0.3389708788856284,-0.7332123767293798,-0.5590169943749473,0.5920833847294626,0.5986587938456234,2.2182940988098148,-0.13479927002759903,-0.6277244884417646,2.1156461255688472,-0.6638928651329703,0.13963135978942035,1.7197451052538502,1.7508277370105403,-0.7480793643983523,0.0,-0.3119067200614193,1.4752677807133876,1.2367247329997006,0.7709754526844593,-0.8913982379068262,0.5738252332423073,0.5724645161960509,0.8371573227052108,-0.11338216584532859,1.3903903066853356,1.3725046866319988,0.5948996188812212,1.261779787654022,3.027431211022648,2.9372897969085594,-1.5866426110577876,1.086282890565484,-0.7486820638060384,-0.5372679171493657,-0.5668229544933866,-0.8047661061748798,0.5281840139391957,0.4607261697802617,1.3623877541742437,-1.4204994477935886,-1.2218763603069511,-0.5947533009678123,-0.3658413814357569,-0.7581290564551366,0.16178196600653824,0.7856325741867407,1.6920295717854978,2.179920664437751,-0.9819079919322313
A24_PRE,Age_22_29,-0.6778343894045651,-0.6694830947124659,1.6365616971090902,1.5468807013103434,1.3137498203484415,1.002338654897604,1.0092739764220702,1.0081332208308758,0.9745209923971281,0.7866875738673763,-0.7203131176319608,-0.7332123767293798,-0.5590169943749473,-0.5104167109736747,-1.2310711151515554,-0.8695653194571292,-0.40092073770343417,-0.9224793815466835,-1.1352214040193984,-0.07238593260329007,-0.7392820900977904,0.01016093671540723,0.8731191763551672,0.5057696308145915,-0.23575523173434138,-0.4448175643730263,0.7556861718590399,0.7337142409816841,1.0143648900721263,-1.2976435350362934,0.7170077438154353,0.7069514573832401,1.0241391027069653,-0.9425015241165161,1.1470492012589524,1.136769536135266,0.6629348525105914,-1.0610995726082113,0.5025704752345723,0.513629787946652,0.8907045470900614,-0.8308593090589361,0.3515145826515156,0.3811798915056976,1.0519299904436126,-1.061560504043289,0.6226802283677769,-0.7799425388142116,1.14601736339757,0.7145300627694913,1.5826395263484836,0.7464186222269159,-0.0736021347095334,-0.1001700170260773,-0.9219142666312574,0.34557786456053163,0.09847656082884508,0.6540763019606687,1.6670373547181174
A25_PRE,Age_22_29,-0.6778343894045651,-0.771319959823658,0.4373179049195102,0.8152396374060347,-0.0346682114644366,1.002338654897604,0.8862473517566279,1.0081332208308758,0.6339117135010445,0.7866875738673763,0.042371359860703325,0.10920184334267358,0.4472135954999578,-0.5104167109736747,-1.0850363336823008,-1.2128491691409384,-0.6501016026915649,-0.8713557660789867,-0.3028868840572182,0.07475380545007163,-0.49248172696814285,-0.9665037901741522,-0.4217024761355032,-0.8309848976405978,-0.38799427268714765,-0.7915997987932927,1.6016916141970163e-16,-2.4862396949126366,-1.2523841833337668,-1.1462398538796374,-1.7769361271501178,-1.6355335385576082,7.656386181685521e-06,-1.1433595594661548,-0.9642788848361461,-0.9085661388692198,0.43517244419988943,-0.9160685075736206,-1.3008197322471051,-1.2174774626330953,0.7171301058236478,-0.7721952041199862,-0.7225205858509834,-0.5154282286024457,-1.0963601577874487,-0.7451164821487141,-0.3550566714893096,-0.672461746691073,1.965039293732627,0.7145300627694913,2.262199690894131,0.7464186222269159,-0.6228761449437217,-0.7995917926128067,-0.5984898186239576,0.48468883511551536,-1.5238345215879738,-0.059109711812799136,0.17599514435499686
A28_PRE,Age_22_29,1.475286612233465,-0.567646229601274,1.6365616971090902,1.5468807013103434,1.3137498203484415,1.002338654897604,1.0092739764220702,1.0081332208308758,0.9745209923971281,0.7866875738673763,-0.7203131176319608,-0.7332123767293798,-0.5590169943749473,-0.5104167109736747,-0.8097738427798832,-1.4283551414424405,-0.4491050593413443,0.10263877154221594,-0.45956796410712025,-0.34507512282155256,-1.037423072800541,-0.7933865204928745,-0.17030733156393354,-0.2827006177696056,-0.5981532005934479,0.12607029853908594,-0.3598065949043183,-0.046050776005778137,0.5513811858068697,-0.6899074156623419,0.739416749687231,0.7279995493791155,0.9898779802801609,-0.7297874975197363,0.7380061398615511,0.7405116681141451,0.8910541247306711,-0.8640591110877334,-0.9359425407850582,-0.8672251716476781,0.04450721805814668,-0.49586489099636333,-2.286096745187825,-1.8207067911504304,-0.45315323312672606,0.4666778813012503,1.2630824951830686,-0.17570358738284156,2.744428339675732,0.7145300627694913,0.590544552123913,0.7464186222269159,-0.8782246667500809,-1.5031674248535893,-1.123964760816503,0.5122082256277886,0.1415276518531952,0.9237817869177196,0.9287472296090644
A29_PRE,Age_18_21,-0.6778343894045651,-0.87315682493485,-1.450478093958035,-2.0087609401251503,-1.7725502326760711,-0.1810010940989259,-1.5742851415522583,-1.9345259102430328,-2.0909625176676245,-0.2579303520876646,0.42371359860703584,0.951616063414727,0.4472135954999578,-0.5104167109736747,0.10621158318777577,-0.7982862423352779,2.561323315299259,0.17103410080025594,0.10454892005276498,-0.5229985634824836,0.7266768784114676,-0.7695205276072828,-0.2887246681068478,-0.47621629892856226,-0.7012098802263539,0.49193158461351627,0.13650222820748284,0.3008849186179592,0.12375897334276015,0.51591096043685,-1.0397212814042525,-0.9430902421990833,-0.6151973417554114,0.6285619060598608,-2.6200351776061837,-2.512569532287433,-2.626530409007758,-0.27562773570530597,0.9940973145440714,0.9854553927731464,0.06502935047146587,-0.47459271360162525,-0.39134821826667565,-0.2389644379934911,0.3522389952416481,-0.2839450569949491,-0.1330258730323924,-0.1684970035277967,0.2237553862004163,0.7145300627694913,0.06438983464104167,0.7464186222269159,0.01670805585131246,0.10944352490861274,-0.07872701859843571,0.678763654332441,0.9611533960630876,0.9992899780456049,-0.7853915592635979
A30_PRE,Age_18_21,-0.6778343894045651,-0.9240752574904461,1.1969476169881448,0.9181112212217887,1.3137498203484415,1.002338654897604,0.8862473517566279,0.681171095155997,0.9745209923971281,0.7866875738673763,-0.7203131176319608,-0.7332123767293798,-0.5590169943749473,-0.5104167109736747,-0.8680383591717102,-0.8099674288870296,-0.6337770219197835,0.5123258313241468,1.5661412018972758,0.06110697042702442,0.13963135978942035,0.021842210392524194,-0.30753804309528143,-1.0441626609279548,0.0,0.9935751630454313,1.1145555348687812,0.9845753700551767,0.3489695277461171,0.735203128931035,0.707888257274665,0.6983858033438127,-0.32327795416190297,-0.24523157768834575,0.2386907114935341,0.25680301788248694,0.21250357752011306,-0.0216515988437852,0.7672847052221385,0.7677338198760622,0.32945822382361806,0.03403130577357779,0.6936183786583301,0.6667692748097854,0.37202509892304964,0.30292464555537846,0.5894648607774552,-0.1825799004471637,-0.9140805197091314,0.7145300627694913,-0.9277051395835293,0.7464186222269159,0.2840286264572353,0.04801626569540284,0.8686763908223829,0.21113919479240006,0.5220321907164845,0.9650377461838384,0.9958321398966237
A31_PRE,Age_22_29,-0.6778343894045651,-0.6185646621568699,-0.3900343506852123,-0.6622102996355731,-0.8758672424892154,-0.1810010940989259,-1.3282318922213678,-1.6075637845681539,-1.750353238771541,-0.2579303520876646,-0.7203131176319608,-0.7332123767293798,-0.5590169943749473,-0.5104167109736747,-0.5817053767232976,-0.42202489320267916,-0.618915493198305,1.7398191114931745,1.402797022355381,-0.012089097698819546,0.49567564673380166,0.20530931918610004,0.08275696437396825,-0.8844087262828858,-0.4361935808532115,1.3484788430990136,-0.2753980343158399,0.012953499631201168,-0.5363168073504054,0.9426367453798534,-0.1401702552000045,-0.0981695499178927,-0.030664359104234477,0.5969072665786739,0.2555727196265782,0.27315735604889485,-0.37098127593143526,0.5515071605609612,2.452030805180914,2.3849524212220565,-1.5236525021861174,0.010847851084688442,1.6231061988517348,1.4427087892383454,-0.9183399133041681,4.162201308684148,-0.08019008989268198,0.22259274776123203,0.2237553862004163,0.7145300627694913,-0.5283755933842041,0.7464186222269159,2.554363453642151,0.9461619398069882,0.4649467025740047,-2.4923160269622553,-1.6626881222110896,-1.0571804058309962,-1.0092327332160957
A32_PRE,Age_18_21,-0.6778343894045651,-0.822238392379254,0.9639706221804518,0.9181112212217887,0.6905231711954907,1.002338654897604,0.7632207270911798,0.681171095155997,0.6339117135010445,0.7866875738673763,-0.7203131176319608,-0.7332123767293798,-0.5590169943749473,-0.5104167109736747,-2.898667703780026e-16,-1.5792728931367657,-0.018371127919435567,-0.5239741305848836,-1.0216888634728096,-0.08848110175635783,-0.30647292545731597,-1.020065532896012,-1.3648260516272859,-0.6470849265158211,-0.4906715917049182,-0.834100782275868,1.6016916141970163e-16,-2.856095263680063,-0.8139941608540292,-0.8662806488235052,-0.625281193989785,-0.5538193777714304,-0.006728166489024856,-0.31414488426075854,-0.5364512302959208,-0.49411081553620445,-0.20848819200976454,-0.47616142774723463,-3.048114898731586,-2.8947380571819035,-0.8155368087015284,-0.10705362332565493,-7.373858441829468e-17,-6.839690531725728e-17,-2.3556749199917273,-1.1068897063782193,0.006269931575399521,-0.5937891401637553,-0.09718115441098348,-0.7134947705691786,0.06253914062213048,-0.32565894637614384,0.30909260481389633,-0.711104952695588,0.5494521890218386,0.6750247215713581,0.3203552607235727,0.3423587825587556,-0.36747844879278746
A33_PRE,Age_22_29,1.475286612233465,-0.6694830947124659,-1.0563532025127147,-0.6146270354868072,-0.8595567437879242,-1.357244238915251,0.7632207270911798,0.681171095155997,0.9745209923971281,0.43848159854902935,3.855793747324026,1.7940302834867805,4.472135954999579,3.8995836718388746,-1.0647686388276534,-0.8414351151080446,0.5108687005921304,0.5252941155189722,-5.4899730463686356e-15,-0.5804903895094671,-0.4123602050550089,-0.16220419015462204,0.07698978532778637,1.1496531081516101,-0.6361336318726741,2.65198256012762,-0.37429712247677904,-0.056180116881275347,-0.7524667941751053,0.8805529391382046,-0.24783491144452993,-0.19929565976425728,0.4704860700440615,0.43778983234205693,-1.1956456624341285,-1.13270123532748,0.0013081218967205465,1.0404054465487267,0.0,-0.03222591993299373,-2.4366927113573484,0.6787730625909748,-7.373858441829468e-17,-6.839690531725728e-17,-1.9981118005706913,-0.394651887363751,-0.21398362414042135,2.2690517123360725,-0.37889615335796756,-1.4204994477935886,-1.7336888968531736,-3.249071019747969,0.2656460954477482,-0.06367202860120205,0.41881584075807815,0.3577995250400897,2.383116874713197,1.3556739398109254,-2.0617517712713984
A34_PRE,Age_18_21,-0.6778343894045651,-0.822238392379254,-0.229925055989884,-0.31228030915594646,-0.3452956014584204,-0.5828672235195124,-0.9591520182250353,-0.9536395332183966,-0.7285254020832901,-0.9543423027243586,-0.7203131176319608,-0.7332123767293798,-0.5590169943749473,-0.5104167109736747,0.2871677254431636,-0.5466242164212517,-1.0444902410744177,1.410918416065109,-0.0627566319777133,-0.4609963177043339,-0.556164421856642,0.47180129068240273,0.861066814433017,0.38479469453753096,-0.45049899442310176,-0.5435915781258943,1.0296330169551804,0.925211821857858,0.8086119814968206,-0.5235412690234622,1.3296272449358226,1.2823661675145006,0.47913531129755177,-0.6104611188874709,0.9837480626352239,0.9785725951692086,0.652821939295575,-0.6489070825107714,0.9733771520181574,0.965565729719088,0.7053368013848842,-0.6357012578787015,0.6271740418488762,0.6113013221154427,0.25467442195631723,0.27116991527377327,0.5609945457000447,-0.16871045561976455,-0.09505858937407448,0.7145300627694913,1.5826395263484836,0.7464186222269159,-0.01041972327142123,-0.6320360651259054,-0.40614319800875376,-0.0721376898793353,-0.10283332375951745,0.21552210566398286,0.1673296760594153
A35_PRE,Age_22_29,1.475286612233465,-0.771319959823658,-1.7888151939569283,-2.194948556344171,-2.048248625008729,-0.7045682669432741,-0.8361253935595929,-1.6075637845681539,-1.0691346809793738,0.43848159854902935,2.330424792338694,1.7940302834867805,2.459674775249768,1.6945834804325999,-1.1186504777545088,-1.431533695606179,0.0,1.3116165116956764,0.7455309153831353,0.6476540057005246,-0.5154186581507546,-0.4123300876740161,-0.8574621361700484,0.2613752796216776,-0.9111051600020069,0.11762036304287306,-1.4078768407995335,-0.7786853008049068,0.0796009707603828,-0.16007024634182462,-2.5735348659083104,-2.3837543044901004,-0.650207226928736,0.3194303720602492,-0.4094437434234435,-0.3710731192142687,-0.3436186164806191,0.38488996834514544,0.0,-2.894738057300799,-2.3789779940946527,1.9328843469337837,-7.373858441829468e-17,-6.839690531725728e-17,-2.563336187762117,-1.7734039412955391,0.3337215939907681,0.9523478566274102,0.5826628174992027,-0.7134947705691786,0.06438983464104167,0.7464186222269159,2.8742926203951957,1.6897505827588477,2.0719064579443676,-2.8671553986827245,-3.268120207356311,-1.9306826375304325,-2.687499883600226
A36_PRE,Age_22_29,1.475286612233465,-0.771319959823658,-0.4788516907392328,-0.8761279012623315,0.33989560521509665,-0.1810010940989259,0.025060979098514537,0.027246843806239644,0.2933024346049608,-0.2579303520876646,0.042371359860703325,0.951616063414727,-0.5590169943749473,-0.5104167109736747,-1.406144782194308,0.40439918936944624,-0.01221090876026545,0.023338089037739068,0.4012123448169478,-0.4569404427479293,-0.41617147669579135,-0.40303723897208243,-0.2269966063230633,0.39723178492077327,-0.7409736047972388,0.5535158293813163,0.6416694383134506,0.6540129082442286,0.09499010286945453,-0.45193021057021937,0.05413468921948582,0.08433512560375783,0.37467672619313164,0.6683325409490284,0.003951624082139704,0.029401017708984567,-0.05616730654151351,1.623554795257762,0.0,-0.03222591993299373,-2.535366703717046,0.2911826000970976,-1.8164509124032924,-1.4286448926218378,-0.41194388354868616,-0.4640037967466548,-1.5606841330652956,-0.31429754263598664,0.5433658238391869,-0.2164692400306775,-0.5283755933842041,0.7464186222269159,0.3166901904509962,0.11159786330094705,0.5198018690059913,-0.2993995647804702,-0.9551410648197354,-1.2592032113373355,-1.2296556672705992
A37_PRE,Age_18_21,1.475286612233465,-0.9240752574904461,0.706093202555798,0.18647015731747954,1.3137498203484415,1.002338654897604,0.8862473517566279,0.681171095155997,0.9745209923971281,0.7866875738673763,-0.3389708788856284,0.10920184334267358,-0.5590169943749473,-0.5104167109736747,-0.7962231409507785,-1.7785282129655817,-1.259728298495561,-0.5790803911641402,-0.5510111116813918,1.7939287289799866,-0.23492299030487696,-0.6355865249547519,-0.34709791071772056,-1.1741101595903682,0.24551163182699912,-0.6781880539817114,-1.4384081702064124,-0.8000276737031939,0.00048052138567465923,-0.8251045127550555,0.7506732409073785,0.738572426378118,-0.12529132070192128,-0.23009150368858225,-1.1856706566753952,-1.1230380118469303,0.7237978635301836,-0.5320458764727862,0.034937405728649576,0.06474024985660416,0.38548940933985393,-0.3291042731205503,-0.2802124243030423,-0.14618790867239606,0.23964446157264063,0.5375085164564462,0.09136077405876908,0.25287412820628485,-0.4560885857097701,0.7145300627694913,-1.5366634425643328,-2.0298361391190833,-0.8136011856288065,-1.1532164369538536,-0.24310646431253352,-0.24747859282147822,-0.6064155373194461,-0.1972959749169593,0.658839243738499
A38_PRE,Age_18_21,-0.6778343894045651,-0.9749936900460421,1.145707282676743,0.8152396374060347,1.3137498203484415,1.002338654897604,1.0092739764220702,1.0081332208308758,0.9745209923971281,0.7866875738673763,-0.3389708788856284,0.10920184334267358,-0.5590169943749473,-0.5104167109736747,-0.2409478269801915,-0.17298517447372333,-0.8025670268808408,-0.5568270254566936,-0.3776401691188226,-0.023850985983158324,-0.8368350840273939,1.4708997054432518,-0.9522507642698058,-0.6815296675544114,0.5066149132431512,-0.614155497514426,0.37503168234069223,0.4676246137518594,0.3612076063302519,0.048305237532042,0.0991099416139564,0.12657900091676302,-0.10596350535838497,-0.33451804841392374,0.6641830869319177,0.6689960544162371,-0.1121097051317967,-0.5518881241191874,0.2037731084137123,0.22680872946922154,0.6868437549650677,-0.8002876234902616,0.5436724366756411,0.5415939052300407,0.6675977321596371,0.7138819685930103,0.28950598958283286,-0.10480841608610651,-0.4560885857097701,0.7145300627694913,-0.21358851112681562,0.7464186222269159,-0.4424321427258447,-0.4794294977486008,-0.9020137022679872,0.45814164397487067,0.29333283730027926,0.8618609382003214,1.1688698790840621
A39_PRE,Age_22_29,-0.6778343894045651,-0.771319959823658,1.145707282676743,1.5468807013103434,0.5885584376885148,1.002338654897604,1.0092739764220702,1.0081332208308758,0.9745209923971281,0.7866875738673763,-0.3389708788856284,-0.7332123767293798,0.4472135954999578,-0.5104167109736747,-1.1179034967751262,-0.5466242164212517,0.03533828287451191,-0.18473385606207665,-0.13128544773216902,-0.5384154948687241,-0.2544120913749434,-0.24297524942022963,-0.13150909330846314,1.2736897483966498,-0.26994017264591524,1.8371390173258257,-0.1466224957990445,0.10297170770123198,-1.4384125787816449,1.7205846308011536,0.18076169098326164,0.20327198507597236,-0.5838889837172997,1.4028866761550516,0.5670735146411975,0.57492177297285,-0.3872924435092243,0.23383257611120403,-0.2981283153239797,-0.25497562873792695,0.12185341674794357,0.10245925257748936,-0.20266980139839352,-0.08145506994447088,0.26616854975321386,-1.229117588936152,-0.035496752306594534,-0.3891357931168188,-0.09505858937407448,0.7145300627694913,-0.47851656388716834,-0.32565894637614384,-0.6421611690656229,-0.20000154150458335,0.11504761778349533,0.1261280603303028,0.1286161726374994,0.32362639424739265,0.8641039454730474
A40_PRE,Age_22_29,-0.6778343894045651,-0.567646229601274,-0.6253332708148461,0.2974059257600854,-1.0704869841183475,-0.6210871018169478,-0.22099227023236998,0.027246843806239644,-0.7285254020832901,0.09027562323068235,0.042371359860703325,-0.7332123767293798,0.4472135954999578,0.5920833847294626,1.5891555725066826,3.6546410460840997e-16,2.106288460075776,3.617753782804649,2.8348803699598104,0.3305317405094888,1.1363170574991637,-0.6729409614614115,-1.114745087090536,-0.8272875576004672,-0.6851044481449248,2.2651895523667664,1.6016916141970163e-16,1.2440372402282849e-16,-3.5288037629205506,0.8367879630147993,0.41870402113235516,0.42676391878082487,-1.2890548124458983,2.0990883177618946,0.3055587643064825,0.32158101938644185,-1.6129777715808622,0.22484181978984616,-2.0477408130952717,-1.9344606719811888,-1.8957478019032863,0.47760468692495184,-7.373858441829468e-17,-6.839690531725728e-17,-2.4487161538188422,1.6137557619262135,-4.748399113489324,3.280480971826217,-1.058740125268154,-0.2164692400306775,0.06508428100806907,-1.806317433504216,2.0523635369631394,2.0400794429787825,1.4683478163734944,-1.9085472073549627,-2.2901730862515635,1.091968916378175,-1.754999692208692
A41_PRE,Age_18_21,-0.6778343894045651,-0.9240752574904461,-0.17424159652090543,0.2974059257600854,-0.14707542094464449,-1.0898245817860692,-0.8361253935595929,0.027246843806239644,-0.3879161231872064,-1.9989602286793997,-0.7203131176319608,-0.7332123767293798,-0.5590169943749473,-0.5104167109736747,0.3690866395154332,-1.1785207841725571,-1.2034432886633526,0.7615441583900072,0.5036621295431553,0.3134857004440799,0.5645000467564152,3.340205195676704,0.2773990425092597,1.4607157794120038,-0.5848329410722821,0.6678050525676326,0.48801380205167416,0.5466027184251293,-0.036648492181649436,1.0826076058166003,0.07861167824391248,0.1073256107558273,0.0863167685900053,1.371037120966803,-0.28861191313885676,-0.25401805099214364,-0.15383874275848,0.8395532645859783,0.2880220846262209,0.3076808629488947,-1.5722528402916234,0.5958436404730828,-7.373858441829468e-17,-4.278247339427731,-0.303054818007249,-0.026426116431889916,-0.8055476262624117,0.7284046531264255,-1.6934695656522418,0.7145300627694913,-0.41774329705622243,-1.4986687984632203,0.9806093379531019,0.6008133575429013,0.6280898929048339,0.32663150487045145,-0.8306507835519168,-0.8092971847318411,-0.6949917255541782
A42_PRE,Age_30_54,1.475286612233465,-0.36397249937888987,0.45134958843053086,0.2974059257600854,0.07528961795812962,1.002338654897604,0.2711142284294049,0.027246843806239644,-0.047306844291122814,0.7866875738673763,-0.7203131176319608,-0.7332123767293798,-0.5590169943749473,-0.5104167109736747,2.9177857411681742,0.2670856494959333,-1.13460283955971,0.6447573912962574,0.12695353302047263,-0.3890441115572801,-0.2499265811811462,-0.3912997158048271,-0.1659502012274211,1.399644123042605,-0.8996837920148483,-0.246074542532955,-0.4368975752133786,-0.09993982967010165,0.8901591709521274,1.2284949891592303,0.008510195983768084,0.0414814382789118,-0.55377819390688,0.9816964380835794,0.18501276849423562,0.20480285149414687,0.2528617011573626,-0.20175103256338123,-0.21513906720258288,-0.17531273129781674,0.24565504286544274,-0.16713222895049393,-7.373858441829468e-17,-3.70557872032338,-0.7957069412223305,-0.14810318187307306,-0.3281605087534739,-0.1828248592838242,1.14601736339757,0.7145300627694913,0.6578497090333151,0.047478767950279,0.4623355653059392,0.8717487130395554,0.23231464704685376,-0.07176657516025128,-0.5924215969527199,-0.9996327204981464,0.128837824107237
A43_PRE,Age_18_21,-0.6778343894045651,-0.9240752574904461,0.07709116962994605,0.3733468742879266,-0.0346682114644366,0.309423543798385,0.8862473517566279,1.0081332208308758,0.6339117135010445,0.7866875738673763,0.805055837353371,0.951616063414727,0.4472135954999578,0.5920833847294626,-0.2719475376245569,-0.6279952030129692,-0.15143186175734943,-0.0013912758004408724,-0.42883666680559085,-0.024563312782370363,-0.5023890260910919,0.8469693245462057,-0.1909986685572757,0.8321958851446852,0.25096399018623167,1.4825094073801748,-0.3966689027373016,-0.0718187047185613,-0.82523825908703,0.7539854541758773,0.01473773661280926,0.0473307762110819,-0.14134571526040415,1.0338607817282184,0.12750355081699594,0.14909116209280598,-0.22909619585536944,-0.3671769498884261,1.5162084943475502,1.4866394655361297,0.4159315111916976,0.47334652436620295,1.18929503147891,1.0805617882212517,-0.6979620898358246,-0.024087819553642278,0.8312403499686277,0.5172477545598458,-0.9140805197091314,-1.7547567585893045,-2.1327255752450225,-1.387604070200977,0.8838818196584617,0.1509521532577728,0.8840228325380797,-0.4274158416891517,-0.8962188305520822,1.2529104900070775,-0.025609292227920168
A44_PRE,Age_22_29,-0.6778343894045651,-0.720401527268062,-0.1285762135198264,0.18647015731747954,-0.14707542094464449,0.07182800928227115,0.14808760376396266,0.681171095155997,-0.3879161231872064,0.09027562323068235,-0.3389708788856284,0.10920184334267358,-0.5590169943749473,-0.5104167109736747,0.7527236208432453,-0.5339099997663111,-0.11031239886993961,-0.6848240511954597,-0.3226862407407924,-0.644305199337501,-0.5739995206367415,2.3051068000527457,0.05458150594487973,4.067862052405209,0.057910973832906186,-0.35218226389085894,0.6643592659127425,0.6698738213138307,0.5311935060999645,-1.0758810517182502,1.0806009873326088,1.0484634406640423,0.015674745127091348,-0.02971032649324774,-0.05913498277020415,-0.03171373203544349,0.1503092995343321,0.5955625897713134,3.0514842608721007,2.9603787594748394,-1.3309486526706105,0.6741404117514178,-7.373858441829468e-17,-6.839690531725728e-17,-1.6682897065181974,-0.9369622141922436,0.11216906669983162,-0.6677797399865459,0.5254793870117416,0.7145300627694913,0.8685228978917701,0.7464186222269159,0.09757202433233607,-0.6593715258727438,-0.12072047195776786,-0.05428427855539484,0.28452952763337924,0.027286085190857855,-1.0148217966305735
A45_PRE,Age_22_29,-0.6778343894045651,-0.771319959823658,1.6365616971090902,1.5468807013103434,1.3137498203484415,1.002338654897604,1.0092739764220702,1.0081332208308758,0.9745209923971281,0.7866875738673763,-0.7203131176319608,-0.7332123767293798,-0.5590169943749473,-0.5104167109736747,0.0976446450804862,-0.8647974882115171,-1.1954794942281457,-0.39989365200955945,-0.06866347838684417,-0.2694360236821235,-1.052136658441913,0.3688879555693756,-0.01747736377005543,0.6942196383551921,0.1116397782977548,-0.37262695342228624,0.6099043725350215,0.6318081142784243,-0.3536100368140325,-0.9007203365883971,0.8932459511261984,0.8724866007933206,0.4059001137273774,-1.2705148163589075,2.125675162367393,2.0848072210043376,0.5194839823437901,-0.7314712939097355,0.5654560880664682,0.5739948381054112,0.29312339778253504,-0.7357172765691908,-0.13386931479374573,-0.02402019558823601,0.9127395648549835,-0.5497600114119378,-0.6758730612098994,-0.3827434937309803,0.5254793870117416,0.7145300627694913,0.8685228978917701,0.7464186222269159,-0.3425541325103289,-0.981196469239981,-0.755768242899459,0.21150465438557978,0.2749801403284157,0.30843786635580767,1.4336819115358654
A46_PRE,Age_22_29,1.475286612233465,-0.771319959823658,0.20434091011181732,0.18647015731747954,-0.0346682114644366,1.002338654897604,0.7632207270911798,0.681171095155997,0.6339117135010445,0.7866875738673763,0.042371359860703325,0.10920184334267358,0.4472135954999578,-0.5104167109736747,-0.6009926590425072,-1.579018608803667,-0.886423010184943,-1.011543588493119,-0.3522351507915347,-0.250761404263356,-0.28636093519050476,-0.013658082224306894,0.34503254658297794,1.0692605314621368,-0.7110611422351631,-1.0815742640284185,-2.1051473782731227,-1.2660996424285897,-0.3503235490897097,-1.5223716872891702,-0.6522091099835833,-0.5791119434629808,1.079893022266378,-0.9227242994192775,-0.23692686278014413,-0.2039484866931174,1.204631553887365,-0.8969383481784816,-1.2699010493175673,-1.1877980532764039,0.39292158548644057,-0.2812374555141674,-2.4956635521111106,-1.995653856482128,-0.41921083345184407,-0.8667079198168962,-0.013646377271275222,-1.0231663690305655,1.14601736339757,0.7145300627694913,0.8685228978917701,0.7464186222269159,-0.10063254034057204,-0.8299917609866593,-0.7533178705546151,1.349594817919723,1.2688555219133895,1.4738416168346178,0.13527422817885462
A47_PRE,Age_18_21,-0.6778343894045651,-0.822238392379254,1.6365616971090902,1.5468807013103434,1.3137498203484415,1.002338654897604,1.0092739764220702,1.0081332208308758,0.9745209923971281,0.7866875738673763,-0.7203131176319608,-0.7332123767293798,-0.5590169943749473,-0.5104167109736747,-0.5064995651506298,-0.911522234418477,-1.247699900196633,0.10852864824125609,-0.8088011033987039,0.6727154351895855,-0.47565560977426674,0.5646533937639245,0.05248662772709569,-0.8012283958123747,1.5443290738313133,-0.11366166665563321,-0.30293306831019257,-0.0062943672219880975,-0.023476652190742065,0.1707861854855102,-0.0860961675541937,-0.04737941768830818,0.5708692154827978,-0.536937169972461,-0.06104078218633162,-0.03355996311666599,0.6898997272604448,-1.1420175772698293,-0.7423192948427236,-0.6813626758101171,0.9663298556020742,-1.0841712841238413,-0.9056494670831718,-0.6683048259004969,0.18797599146467117,1.0037221000898724,0.327033329496383,-0.5150308348526341,-0.09505858937407448,0.7145300627694913,1.5826395263484836,0.7464186222269159,-0.9813751581615818,-0.26149078170447804,-0.14470875508671482,0.9081048653477372,0.3202692445576955,1.0732782315992562,1.4216820194237387
A48_PRE,Age_18_21,-0.6778343894045651,-0.87315682493485,-0.5544489649209399,-0.31228030915594646,-0.0346682114644366,-0.6210871018169478,-0.09796564556692772,-0.9536395332183966,0.6339117135010445,0.09027562323068235,0.042371359860703325,-0.7332123767293798,0.4472135954999578,0.5920833847294626,-1.2358331188951213,-1.4245644212916106,-0.7687782247928341,3.617753575614642,1.1287786951375358,-0.40086589608950646,0.2855491651307546,-1.0848970037415797,-1.3095516523133441,0.7102135652865647,-0.42403958276236015,-0.36144435997762714,1.6016916141970163e-16,-2.580364585431794,-0.5988506049527634,-0.20429118115597128,-2.2779769070224902,-2.106145777617807,0.6445831160498933,1.101298190292061,-2.3298639089116913,-2.231467958528794,-0.1120739547966888,0.8144738861713317,0.010299693892788238,0.041090059554022486,-1.1838514838272984,0.777988957818432,-2.1118626528399504,-1.6752555931076345,-0.7919654455743625,-1.1520822336139267,-0.3644676923065826,0.1927650332242672,-0.9140805197091314,-0.48950014499342087,1.253911841714007,-0.5947533009678123,2.0062759246053217,1.3243254751933644,0.608598618263734,-1.4609660686152728,-0.7602243062166726,0.7409318187582306,-0.966831462841012
A50_PRE,Age_18_21,-0.6778343894045651,-0.87315682493485,-0.1285762135198264,0.5643652563054168,0.33989560521509665,-0.8739162051981448,0.14808760376396266,0.35420896948111835,0.2933024346049608,-0.2579303520876646,-0.3389708788856284,-0.7332123767293798,-0.5590169943749473,0.5920833847294626,-0.10798521265012473,0.4978486817833784,0.052471392410946394,-0.9084135832667287,-0.5165001386710983,-0.20550908708103205,-0.5456335793482778,-0.767258567713389,0.5860435530319305,-0.17541997012593602,-0.2185837775931633,-0.973794530202788,-0.018021731985655147,0.19286774268002407,0.11376446579632224,-0.47906396135545337,0.21714615085137423,0.23744679242376943,0.8723269710462006,-0.6283053658131341,-0.9513174266414466,-0.8960098085573684,0.608033462913253,-0.390062176500233,-0.5865124412618334,-0.5318008267965645,0.7510877052364301,-0.2691117935886983,0.3219593505895486,0.3565070857768246,0.795618966289275,0.42469721889723117,1.3117447033645027,-0.2937176058732104,-0.9140805197091314,-0.48950014499342087,-1.4531654106993706,0.047478767950279,-0.7538662513577624,-0.5535496665864036,-0.12945768637962174,-0.5922678345178939,-0.9839716331633243,-0.7146410715147371,0.4152824759393553
A51_PRE,Age_22_29,1.475286612233465,-0.720401527268062,1.6365616971090902,1.5468807013103434,1.3137498203484415,1.002338654897604,1.0092739764220702,1.0081332208308758,0.9745209923971281,0.7866875738673763,-0.7203131176319608,-0.7332123767293798,-0.5590169943749473,-0.5104167109736747,0.4597203316804975,0.8163398089900261,0.0,0.5929477931786103,-0.8739616257452357,-0.055571069644715504,-0.20986482658284852,-0.2009924421387627,-0.28671337811288194,-0.2828918466489542,-0.8011296016201165,0.13069941329219018,-1.7170620337680849,-0.9948156105934037,-1.1935535898198817,-0.7039916360811868,0.7057679122871937,0.6963942283219391,1.034744106232311,-1.3212375243270873,-0.6063822247328079,-0.5618560222865416,0.8132426677278802,0.5602405877510118,0.36923707556658064,0.38564061846345643,-0.6739806307144741,-0.12410382857422213,0.19097551265051252,0.2471613435300281,0.5243921583545611,-0.13112665253070668,-0.46578209528643855,-1.03120653539439,0.8272033878230797,0.7145300627694913,-0.5283755933842041,0.7464186222269159,-0.5118116272697398,-1.3487020986576226,-0.4741196332222835,-0.47744959141160964,-0.10447858257167959,-1.1415495673414453,1.0051748235803022
A52_PRE,Age_22_29,-0.6778343894045651,-0.720401527268062,-0.29672755411158797,0.18647015731747954,-0.8287034420658576,0.309423543798385,0.7632207270911798,0.681171095155997,0.6339117135010445,0.7866875738673763,1.1863980760996973,0.10920184334267358,2.459674775249768,0.5920833847294626,0.7831630957530756,0.18889321706793794,-0.9853715304289938,-0.3739484970676004,0.3130902435608045,-0.4319364363704721,-0.6296030663852589,0.06860929163492757,-0.03888673400368823,-1.0949548104879043,-0.5904424866993596,-0.3341605255334805,1.6016916141970163e-16,-3.4160369947915674,-1.4314768308140917,0.8768535749932334,-1.539759708618921,-1.4127610021471602,-1.776373325177239,1.0566123730148385,0.0,-0.03181433717345919,-3.0861265159139024,-0.36562148287471413,-1.5068751700012706,-1.415273846819818,0.29686226052974324,0.14121309689374592,-7.373858441829468e-17,-6.839690531725728e-17,-2.692025124513911e-16,1.7924461039977688,0.5937580035272165,0.5711880117249063,-0.09505858937407448,0.7145300627694913,-1.053835864500048,-0.8564367295451134,0.3855026484973618,0.9482809644778225,-0.10192236364202305,-0.8558099228842214,0.14918309061673782,-0.07190182649689565,6.456512839425135e-17
A53_PRE,Age_18_21,1.475286612233465,-0.9749936900460421,0.06724277211858931,0.2974059257600854,0.07528961795812962,-0.5828672235195124,-0.3440188948978181,0.027246843806239644,-0.047306844291122814,-0.9543423027243586,-0.7203131176319608,-0.7332123767293798,-0.5590169943749473,-0.5104167109736747,0.7712114000829573,0.3357424194326795,0.6250733885975429,0.45407871658563476,0.3044652243852429,-0.2851097558685787,0.19017375650880453,-0.5799384704939388,-0.7930878358327482,0.9250760729203592,-0.4023881291266054,0.5550504429103247,-1.2862226480513097,-0.6936451405265381,-1.3405533603777509,-0.36368741156050943,-0.42067840390962885,-0.36164225162590835,-2.1507240574222743,0.5231151550027834,-1.0170079875176634,-0.9596471222255047,-0.5626096650742993,1.2079750609820628,0.0,-0.03222591993299373,-2.2511183343025705,2.9594222523689298,-7.373858441829468e-17,-6.839690531725728e-17,-1.8823702140310719,-0.12169360065256378,-0.4418669230238426,0.11928866723307081,0.9043958201748825,-0.2164692400306775,-0.7390487822426596,-0.8564367295451134,1.2779685755670864,0.4208878725777989,1.107898156519913,-0.12846910639733217,0.3230334064554283,0.909950339100131,-1.2489944930516095
A54_PRE,Age_18_21,-0.6778343894045651,-0.87315682493485,1.1969476169881448,0.9181112212217887,1.3137498203484415,1.002338654897604,0.8862473517566279,0.681171095155997,0.9745209923971281,0.7866875738673763,-0.7203131176319608,-0.7332123767293798,-0.5590169943749473,-0.5104167109736747,-2.898667703780026e-16,1.1715962126905668,-1.088863212302927,-0.009604367221235036,-0.7555900821947712,0.1034713221972745,-0.3190363665956065,-1.142586886204683,1.2825310468589526,-1.138915608407533,-0.652804480351326,0.25363800793397234,0.273292054486666,0.3965053694092176,0.4515279610055695,-0.7155764729200269,0.2665269815242348,0.2838286923073013,0.9567805526567161,-0.4213186610812976,0.7679160346031008,0.769486688696411,0.9224343103445951,-0.30316897824531674,-0.1494355630517344,-0.11224273571274541,0.7801126975890722,-0.6325504103306595,0.17779232639226555,0.23615597592691365,0.9956834731897445,0.5946033041399588,0.501459200321865,-0.5220240739573316,-0.6977101289324583,-0.2164692400306775,-0.4610704364748022,0.047478767950279,-0.5078861481428154,-0.42281622195775653,-0.37565030756696133,-0.6880671706864891,-0.49076828532733774,-0.07649613916544319,1.3335485762119876
A55_PRE,Age_22_29,-0.6778343894045651,-0.6694830947124659,-0.77516461993294,-1.043921373060255,-0.3452956014584204,-0.7584164771941542,-1.0821786428904834,-0.9536395332183966,-0.7285254020832901,-1.3025482780427056,-0.3389708788856284,0.10920184334267358,-0.5590169943749473,-0.5104167109736747,-0.325857826022312,3.6546410460840997e-16,0.6053510619457952,0.111548748866011,1.377267638135603,1.7472616294812666,-0.5104734531469558,0.6201347669583667,0.7787015065235926,-1.2386865258100432,-0.09534797276282538,0.5233356566947185,1.6016916141970163e-16,-2.057923511214232,-1.8912636804016372,0.8516847906515239,-0.8341383522129654,-0.749992501444513,-1.1607456031425425,-0.2441969239340046,0.48842234570943865,0.4987289525597721,-0.3468571964156306,-0.07190774057733663,-0.7602531093336752,-0.6985776724132057,0.22449381149035888,1.0569716293319575,-0.6038927261371825,-0.4163972979498287,-0.5002281098784309,1.1954262169703775,0.9395329928741986,0.3857129582482861,0.5254793870117416,0.7145300627694913,-0.5283755933842041,0.7464186222269159,2.894959532887015,0.975102416732348,-0.1323668363338056,-0.18919466409221855,0.7786462067632838,0.7395940861640227,-0.5691696457431854
A56_PRE,Age_18_21,1.475286612233465,-0.9749936900460421,-0.03950482600181584,-0.1672758075988918,0.07528961795812962,0.4068501077862815,0.2711142284294049,0.35420896948111835,-0.047306844291122814,0.43848159854902935,-0.3389708788856284,0.10920184334267358,-0.5590169943749473,-0.5104167109736747,-1.2206133814402018,0.8163398089900261,2.5153270122441778,-0.32735496876455383,-0.28967292839207764,5.1691537735039335,-0.17062612343198721,1.020242915975006,1.1012885305988853,-0.49418858660190546,0.2635921365377635,0.12350865409427828,1.6016916141970163e-16,-2.186397438918341,-0.6439377070873974,-0.3392443515514765,0.4192167284728428,0.4272454890624915,0.21946427642085453,-0.317529278007901,0.0785990362724016,0.10171522420537288,-0.1107244159700833,-0.5096751376882026,-0.15700872454502168,-0.11951235197019872,0.20179932754702026,0.009202863842974899,-0.5222892691227697,-0.3482744614415666,-0.748930670458678,-0.8666091185403533,-0.036709914825481194,-0.11701389438640623,-0.19680552521456104,-1.3599144396010012,0.06253914062213048,-1.229574443871552,-0.12044435198464579,-0.3953407836473178,-0.7896369012498025,-0.5564767989638583,-0.3664838238507359,-0.052063667105205484,-0.18404227809754894
A57_PRE,Age_18_21,1.475286612233465,-0.87315682493485,0.037299046744636154,0.18647015731747954,-0.0346682114644366,0.4068501077862815,0.6401941024257376,0.681171095155997,0.6339117135010445,0.43848159854902935,0.042371359860703325,0.10920184334267358,0.4472135954999578,-0.5104167109736747,0.2938905542576052,1.3274513185192465,-0.8292677267988369,-0.7707089102278774,0.38690097746555874,-0.7484985769761827,-0.1473728584072653,-1.029733157931931,-0.0046960941788723055,-0.37586338047268114,1.1081276676624139,-0.3851540218999851,0.2963479921539464,0.41262220509157993,0.8440036785264814,-0.010394324307852913,0.902621408544422,0.8812926804280524,0.8221557995343675,-0.935008454907802,0.48068213674498234,0.49123067428115913,0.8866637438567565,-0.6450123484034205,0.11648049307798537,0.14301495111619122,0.6664622864615408,-0.8402410194875761,0.2111218435748798,0.2639795673898282,0.9442068331475575,0.8452010976604694,0.11575179654219579,0.1501943593127774,-1.5167320592675124,-0.2164692400306775,-1.4531654106993706,-0.8564367295451134,-0.614764655476518,0.5935928031738502,0.08861258704235873,1.8214369590208501,0.2505546251470005,-0.22366738449017615,0.5406646510893927
A58_PRE,Age_18_21,-0.6778343894045651,-0.822238392379254,0.45134958843053086,0.5643652563054168,0.33989560521509665,0.07182800928227115,0.2711142284294049,0.35420896948111835,0.2933024346049608,0.09027562323068235,-0.7203131176319608,-0.7332123767293798,-0.5590169943749473,-0.5104167109736747,-0.32012781079472563,-0.9865361126827253,-1.1543155408690307,-0.9717759460540403,-0.6878138858701807,-0.7343726242652997,-0.48870007314831193,1.1145923824297785,-0.2757910470865353,0.96876480474419,-0.6099228564826646,-1.018906329346777,-3.158777242998393,-2.002620518085952,-0.98106410144336,-0.5556014376428132,-1.5797409934804327,-1.450314196907007,-0.8874242406781793,-1.2770970782589994,-0.5999950076069094,-0.5556684462590933,0.0963421632567983,-1.1482812648027285,-0.4495078563600332,-0.4002876194484067,1.3283518730907644,0.14121309689374592,-7.373858441829468e-17,-6.839690531725728e-17,-2.692025124513911e-16,-1.1196721215312442,-0.20692630000615675,-0.7695519254242568,2.1417768001173485,-0.2164692400306775,1.0571792552326402,0.047478767950279,-1.4300374280425174,-0.9117262083039063,-0.717094419543251,0.4987838046608701,0.27807831519215664,0.22177277742267978,6.456512839425135e-17
A61_PRE,Age_22_29,-0.6778343894045651,-0.6694830947124659,-0.6078626248451557,-0.6585778392960399,-0.5290220117473751,-0.3934692774228204,-0.7130987688941507,-0.29971528186863905,-1.0691346809793738,-0.6061363274060116,-0.3389708788856284,0.10920184334267358,-0.5590169943749473,-0.5104167109736747,-0.01237164728917783,-0.22622595671636414,0.3151277368097408,-0.5435426393056288,-0.11262855254023697,0.06898170482087337,0.23901315734834966,-1.2545125631214835,-0.8509845149478028,-1.1119039527002064,-0.17200893056625297,0.15304075935981262,0.45178985145171274,0.5212810217754159,0.39082960609670775,-0.0764071182965172,0.6851386889898876,0.6770178315174907,0.6464573089851116,1.3393604870675582,0.7759117834491577,0.7772325196124701,0.10348095364757116,-0.23566291390076474,-0.9870169986429543,-0.9162524780788812,-0.07166649911990974,0.2949576827167965,-0.16742772407420156,-0.05203486693342174,-1.854144745125637,0.2938546883685371,1.0203796494988053,0.3711399020255668,0.005643207559388582,-1.6048968815629543,-0.19799307773336075,0.047478767950279,-0.5791222894590692,0.5274768422998777,0.18226593395226504,0.21112999257242257,-0.23368672802641474,0.48117720490533833,-0.9786214596291261
A62_PRE,Age_22_29,-0.6778343894045651,-0.6185646621568699,1.6365616971090902,1.5468807013103434,1.3137498203484415,1.002338654897604,1.0092739764220702,1.0081332208308758,0.9745209923971281,0.7866875738673763,-0.7203131176319608,-0.7332123767293798,-0.5590169943749473,-0.5104167109736747,1.4905540832282063,0.7824352312434772,-0.06826890310865698,1.7602637519787552,-0.22046347426827106,-0.02561058379126192,4.5016829720351765,0.5380291338220776,-0.39604216286461474,-0.24408262358113023,-0.9036860524473328,-1.0602528957301884,-0.01952959649958861,0.1918136972990451,0.5392055592584571,-0.2684035212681039,-0.05180947316579216,-0.015174977123194228,0.25093680839345817,-0.9035522881804398,-0.2048865962460092,-0.1729096819661254,0.9367372323966742,-0.4786471841006145,-0.43301311154958255,-0.3844540121573327,0.7204386689777482,-0.8097777848333257,0.21448933492380265,0.26679076033432825,1.0462573944851155,-0.3085663351099982,0.009058322411497989,-0.6910339994956546,0.8272033878230797,0.7145300627694913,0.06438983464104167,0.7464186222269159,-0.7802121657502246,-0.973233169108586,0.2207399078003654,0.2018748851160489,0.46831899496162455,-0.4896745936155143,1.611145975168822
A63_PRE,Age_22_29,-0.6778343894045651,-0.4658093644900819,-0.1285762135198264,-0.1672758075988918,0.07528961795812962,0.07182800928227115,0.14808760376396266,0.35420896948111835,-0.047306844291122814,0.09027562323068235,-0.3389708788856284,0.10920184334267358,-0.5590169943749473,-0.5104167109736747,0.4597203316804975,-1.0488357742920085,-1.0935061922988132,-1.0519672928707513,-0.09039416594624022,-0.5178589109572291,-0.22869410037037077,0.653350565777985,-0.9585217272883402,1.8597483837363527,-1.1858920619655793,-0.31688960294888363,1.8334112116338812,1.4870784123928635,0.9551935932042277,-0.07312790307001807,1.5125067874055331,1.4541393133688094,1.1702337457531005,-0.11522570797152108,1.436837410679579,1.4175000236550448,0.5940255992948105,-0.027858569699045408,0.9788284551190425,0.9707985352893417,-0.4174551668920256,-0.7963381037488171,0.9387785818433172,0.871429825366525,1.0898297127098968,-0.48891489193957033,1.053371752146626,0.2722438548503423,-0.9140805197091314,-0.48950014499342087,0.32746719338247177,0.7464186222269159,-0.008381943979927026,1.4644852993319072e-05,-0.7863853970873762,1.2556806069212378,0.319495099064722,0.37686695957557564,0.13557618314580155
A64_PRE,Age_18_21,-0.6778343894045651,-0.87315682493485,0.5504485595388355,0.2974059257600854,0.33989560521509665,1.002338654897604,0.39414085309484714,0.027246843806239644,0.2933024346049608,0.7866875738673763,-0.7203131176319608,-0.7332123767293798,-0.5590169943749473,-0.5104167109736747,-0.7683163984241642,-0.6445236846644194,-1.0432119955988908,-0.3774034197158417,-0.5587816934319821,-0.3192012581523119,-0.7025004363096884,0.019009950978990345,-1.26170567631238,-1.0802858152627106,0.03233693999229195,0.45331731612041853,0.4212114515264772,0.49990574508372115,0.332570756030436,0.5095510869649947,0.7899971421626608,0.775508160876703,0.6020567081431714,-0.2280288428119389,0.6180085706667355,0.6242647850245991,0.7299559215731973,0.7860612444214857,0.3427759175979991,0.3602400688607638,-1.0950579379446035,0.5491948361343777,-7.373858441829468e-17,-6.839690531725728e-17,-1.3404644229172584,0.0822618745195092,0.6060113484588628,-0.7234464951579845,-0.9140805197091314,0.7145300627694913,-0.21358851112681562,-0.1574968752684772,0.5536481483180999,0.2822215666814774,0.41239336968019824,-0.20882363044209537,0.1198945861336441,0.2743229602258624,-0.4039019657114054
A65_PRE,Age_18_21,-0.6778343894045651,-0.9240752574904461,1.6365616971090902,1.5468807013103434,1.3137498203484415,1.002338654897604,1.0092739764220702,1.0081332208308758,0.9745209923971281,0.7866875738673763,-0.7203131176319608,-0.7332123767293798,-0.5590169943749473,-0.5104167109736747,-1.5293032711699797,1.2079376819626562,-0.7344966051720928,-0.9283588095636323,-0.3354213108203882,-0.5488528730555475,4.501682927030982,-0.011257600815153099,-0.41844819687961204,1.3539323319351388,0.33142448827442356,0.4902217522246328,-1.8284685576862945,-1.0726923235618375,-0.46629290767472803,0.3978344278694042,-1.6263971693340291,-1.4941369120761117,-1.3357387561772829,-0.42339318102739093,-0.5226101993015028,-0.4807024046605262,0.47806614610992865,-0.7594450171209676,-0.19349299949879997,-0.15453427492542388,0.7874206681497343,-0.6091614623915566,-0.611941393857597,-0.4231163524517747,0.8136729744057409,-0.7025660657166054,-0.6529358162948484,-0.8691687309192716,1.14601736339757,0.7145300627694913,1.736739419778287,0.047478767950279,-0.4311230781529281,-0.12273421250090048,-0.42116874112738295,-0.7711121044409863,-1.09612040006375,-0.7683109530628792,1.5599141319396206
A67_PRE,Age_22_29,1.475286612233465,-0.771319959823658,-0.29415416238195735,-0.6146270354868072,0.07528961795812962,1.002338654897604,0.5171674777602953,0.681171095155997,-0.047306844291122814,0.7866875738673763,0.42371359860703584,1.7940302834867805,-0.5590169943749473,-0.5104167109736747,0.18034944539148076,-0.22622595671636414,-0.4948640798806653,-0.4281905948615172,-0.4919799852889439,-0.8618130587917479,0.13963135978942035,0.48990518181227877,0.35908930729083255,0.7085720826559812,0.0,-0.7451085130561667,-0.21399937923850243,0.05587311753092326,0.45240925961222594,-0.7141826233381899,-0.7082152150101776,-0.6317167603689454,-0.46411313720250236,-0.5705895218674868,-0.20507054988715476,-0.17308788588775162,-0.12424975802561097,0.3989104079952854,1.173879998547553,1.1580320800125201,-2.1334177194714337,0.05785449821422223,-0.5937072190885293,-0.4078944028910251,0.29582334190432696,-0.4200932160741177,0.26754505805188084,-0.3414097815314955,-1.6934695656522418,0.7145300627694913,-0.21358851112681562,0.7464186222269159,-0.2899714839540094,-0.09829224148379881,-0.05393983148581912,0.35076356832317795,0.4866484027544428,-0.18047744719817355,-0.763222308078621
A71_PRE,Age_18_21,1.475286612233465,-0.9749936900460421,0.17257827393505076,-0.4342351381442232,1.3137498203484415,0.4068501077862815,0.5171674777602953,0.027246843806239644,0.9745209923971281,0.43848159854902935,-0.3389708788856284,0.10920184334267358,-0.5590169943749473,-0.5104167109736747,-0.8665443972129454,1.0547313712704294,0.6487806070178936,0.03999377435755263,0.11603995047111648,-0.49099020785452013,2.817553069544631,1.7507163996179071,1.9892871139144812,2.387264234315826,2.4489589219346106,0.4089115773718,0.06186184731350372,0.2487089120942961,-0.4417533337924874,1.1295146942485916,0.9132938351052478,0.8913169634041307,-0.016215939167175692,0.29916221178300667,0.4340791415631762,0.4460843186601808,-0.03257270315909615,-0.6460062457742677,0.633114677456707,0.6389415557772333,0.8741958112770868,-0.5056619962880774,0.8700484645171837,0.8140536955173342,-0.14618102807767805,1.6419124790536244,1.1838768358858411,1.1645951549123579,-0.09505858937407448,0.7145300627694913,-1.607265304129181,0.7464186222269159,1.1969986334230724,-0.17224434455247228,-0.23003521449226036,-0.6381514841561042,0.43963897520754047,1.186472578797823,0.3531044364898349
B02_PRE,Age_30_54,-0.6778343894045651,-0.21121720171210184,0.8769319850404451,0.8152396374060347,0.5885584376885148,1.002338654897604,1.0092739764220702,1.0081332208308758,0.9745209923971281,0.7866875738673763,0.042371359860703325,0.10920184334267358,0.4472135954999578,-0.5104167109736747,0.1370245485873017,-1.131478182549221,-0.4829286552597868,0.4055481598106385,0.6013747075514486,-0.7329192548270803,-0.20230834288425373,-1.0638019069246907,-0.1144495499039167,-1.028822118998041,-0.36744517144906225,0.887958661028754,0.22183421230284267,0.3605346967341876,0.0006621985514341217,1.935736841219412,0.6988136854043114,0.6898623362769054,-0.23503148207470234,1.5102180703248438,-0.5222758119956645,-0.48037846908158655,-0.26997805469410563,0.6866880171157071,-0.08148548365922367,-0.04701621145535453,0.1592116718500608,1.685993972729951,-0.19020800099216856,-0.07105191764270145,-0.34193758142677577,1.0007679419211803,1.3016445201584692,0.8282066517364693,-0.4560885857097701,-0.48950014499342087,-0.7390487822426596,0.047478767950279,1.7728869556319908,1.7590050611615873,0.4375555368756817,-0.660950614884093,-0.6248793522373879,-0.06755083832179043,0.5146861878847744
B03_PRE,Age_30_54,-0.6778343894045651,0.04337496106587823,1.6365616971090902,1.5468807013103434,1.3137498203484415,1.002338654897604,1.0092739764220702,1.0081332208308758,0.9745209923971281,0.7866875738673763,-0.7203131176319608,-0.7332123767293798,-0.5590169943749473,-0.5104167109736747,-0.5531858763620338,-1.0288108830604534,-0.2678600038655129,0.38330704499608254,-0.39711684292325067,-0.34644508042409355,-0.8600168910883722,0.9903719336204659,0.5098320585774366,0.766213790787894,0.4149468644052339,-0.2537635816044072,1.85837068591612,1.504525880872789,0.6669390895598502,-0.4773558346729611,0.9585024256597041,0.9337800060950007,0.5524753140699946,-0.5207463659286565,1.9614756577047354,1.9257399936433157,0.4234874795409157,-0.7606849037412776,0.7418056613176975,0.7432760195298973,1.1153169289620608,-1.2428524528071285,1.029051954050592,0.9467903358267551,1.3599445613411383,-0.7980904332563138,0.6091229354737582,-0.4358360826578354,1.5070473597332659,0.7145300627694913,1.1833099801491584,0.7464186222269159,-0.30515175085214963,-0.8315921418310562,0.18499031041939829,1.4755140864391836,1.6223182480133502,2.50039231229301,1.8344788839978563
B04_PRE,Age_30_54,-0.6778343894045651,-0.31305406682329384,0.006383771431107043,0.18647015731747954,0.15056111949131085,0.4068501077862815,0.7632207270911798,0.681171095155997,0.9745209923971281,0.43848159854902935,0.42371359860703584,0.10920184334267358,1.4534441853748632,-0.5104167109736747,-0.13861143280480304,-0.7678515862174824,-0.9818294044124756,0.09999786378729292,-0.5620085119061439,-0.15974174055618143,-1.1323668106934872,1.397931503505604,-0.40553040256223016,-0.9349292502377359,2.6214456691978016,-0.5027013506032728,-0.5647958823358928,-0.18934482502065958,0.4207367032974024,-0.6796728531896774,-0.7370829508183031,-0.6588313393234163,-0.13422863763187087,-0.526940360944499,-0.34163026419265813,-0.3053792418721505,0.3721361708543546,-0.3437579804485315,-0.2055338123056113,-0.16609247140795422,0.6563523824846621,-0.44061154790451285,-0.4953052885114022,-0.32574814494978466,0.3783682328350547,-0.17228973437132344,-0.8912598446700839,-0.6819661420411892,0.2245518482646958,-0.2164692400306775,1.1833099801491584,0.7464186222269159,-0.4871736664053619,-0.5662660469904689,-0.6292872491922267,-1.3100026003787817,0.03771728987634179,-0.18448989694761803,0.34126701965619755
B05_PRE,Age_30_54,-0.6778343894045651,-0.16029876915650582,-0.32292768854491793,-0.9683730004031785,-0.0346682114644366,1.002338654897604,0.6401941024257376,0.35420896948111835,0.6339117135010445,0.7866875738673763,0.805055837353371,1.7940302834867805,0.4472135954999578,-0.5104167109736747,-1.2915765744815377,0.7375116657292947,-0.16344428911770734,-0.449678938203119,-1.1139744970421388,-0.9916374807707737,-0.19985012507197164,-0.6115928089711589,-0.40760343209311667,0.9152597854121814,-0.4868607570819783,-1.3105928708864274,-1.8475458379221594,-1.0860279508204103,-1.2645069127232322,-0.7610626474038896,-1.6827372331466663,-1.5470554062282438,-1.9521809577197795,-1.0722889070193493,-0.2274388222036627,-0.19475700764029974,-0.7203098631610474,-0.8784104521257716,-0.17400885326871807,-0.13583108652486608,0.4662717930495401,-1.218812032390737,0.37124386369986917,0.3976499607460879,0.9670892519927805,-0.49079258667619796,0.8666644265262634,-0.8735687584087088,-1.6934695656522418,-1.7547567585893045,0.32746719338247177,0.7464186222269159,-0.8011451023753008,-1.1303574346867058,-0.3367102857063199,-0.6510060613997868,-0.3994547100560325,-0.9722995896545138,0.25407607875991106
B06_PRE,Age_30_54,1.475286612233465,-0.1093803366009098,-1.3841046556689354,-0.6585778392960399,-1.6663020342059949,-1.5048876521523757,-0.46704551956326035,-0.29971528186863905,-0.3879161231872064,-0.6061363274060116,1.5677403148460325,0.10920184334267358,2.459674775249768,1.6945834804325999,-2.898667703780026e-16,-1.3206021552916885,-0.9784526916881938,1.777528286676237,3.677120082302026,-0.5779856125842219,0.13963135978942035,3.3402051956666132,3.7917284933136317,-1.1941326068857063,0.0,1.2315354531682552,1.6016916141970163e-16,-2.1964768078626125,-2.948355036740398,2.266569740299067,0.0,-3.549735650496478,-1.7028043988902057,-0.021699037185435737,-1.6635087833028164,-1.5859406624131724,-0.5074884211395052,4.033608949510509,0.0,-0.03222591993299373,-2.4976204537062814,3.4323501011112234,2.2975044759220795,2.0056987072047123,-1.9902700980576307,-1.053162395536955,-1.861543057871488,3.343151550530757,0.2245518482646958,-0.2164692400306775,1.5826395263484836,0.7464186222269159,0.013331254999617168,2.132158420411425,0.38771202709214814,-1.7631211810890812,-0.715834032471784,0.5125028735687218,-2.288019638536423
B09_PRE,Age_30_54,1.475286612233465,-0.21121720171210184,1.1969476169881448,1.5468807013103434,1.3137498203484415,0.4068501077862815,0.8862473517566279,1.0081332208308758,0.9745209923971281,0.43848159854902935,-0.7203131176319608,-0.7332123767293798,-0.5590169943749473,-0.5104167109736747,-0.28726064770190013,-1.220477699133913,-1.2042133160582476,-0.8792582946260894,-0.9467277024888567,-0.8314643015672405,-0.24269951793357417,-1.1079743889442386,-0.7234906136486822,-0.7180852668297271,-1.3923227190549887,-0.47426864670756635,0.4193845796641337,0.4986287033930725,0.7856891189978417,0.28741180546888323,0.9099078176191184,0.8881365810187872,0.3203265738089121,-1.0396584176441583,0.9056891033659787,0.9029534741057488,1.105213531890011,-0.6717616936055488,-0.5748730026587611,-0.5206279167547626,0.9834212514084575,-0.9537365531461712,0.4075625095839025,0.42796888676073497,1.0460745048255584,0.2332137582010259,1.662328227786352,-0.9189366946827491,0.2237553862004163,0.7145300627694913,-0.4610704364748022,0.047478767950279,-1.243265037952971,-0.8920374330227403,-1.0186727030550793,-0.04479092461273655,0.3310242313677229,1.5646116403615062,1.4138871726592666
B12_PRE,Age_30_54,-0.6778343894045651,-0.26213563426769787,0.8769319850404451,0.8152396374060347,0.5885584376885148,1.002338654897604,1.0092739764220702,1.0081332208308758,0.9745209923971281,0.7866875738673763,0.042371359860703325,0.10920184334267358,0.4472135954999578,-0.5104167109736747,-0.8711196557116635,-0.5466242164212517,-0.13479927002759903,-0.5778830290976921,-0.61703937935208,-0.9624911855746406,-0.3310382294570785,-1.5010528257741305,-0.4162915394628221,-1.0947069796843039,-0.7675927595139149,-0.8409177776861644,-0.7827956494942462,-0.3417336142682271,-0.10145319581570193,-0.40277244433121817,0.0,1.6881062264481382e-16,-3.673346081426668,-1.4276590986335929,0.8972240447075143,0.8947530022893642,0.25495559043371113,0.11644105033698686,0.0,-0.03222591993299373,-2.9650559290701802e-16,-1.0464836959126056,0.8418190111939418,0.7904876542757588,1.2407776021790697,-0.19374607826103965,-0.6607020738700368,-0.6781655211286728,0.5254793870117416,0.7145300627694913,1.5826395263484836,0.7464186222269159,-0.5405235790205863,-0.9813102317272119,-1.4382688508271926,-0.35711457733125124,-0.17551607129212096,0.5900766438087354,6.456512839425135e-17
B13_PRE,Age_30_54,-0.6778343894045651,-0.16029876915650582,-0.5436356652803997,-0.6622102996355731,-0.8758672424892154,-0.7584164771941542,-1.6973117662177004,-1.6075637845681539,-1.750353238771541,-1.3025482780427056,-0.7203131176319608,-0.7332123767293798,-0.5590169943749473,-0.5104167109736747,-0.2768029139905466,-0.11052658515627353,-0.6074149914578765,-0.6728708343582045,-1.2766881578145763,0.4189720899421845,0.4244293322933694,0.3743569813898962,1.3412823900577031,0.9124461998206648,0.03906839474478494,-1.2229138313651233,0.2510513623829325,0.38095841637392197,1.414645444287328,-0.32896149455791,0.6220068332375431,0.617720015481032,-0.01061865282805604,-0.9121558732218874,0.7633590774206302,0.765072165365737,-0.06548135207917297,0.42038882022560237,2.288687283662237,2.2281559867825793,-1.2499116655801998,-0.17708115848187456,0.8031418302478066,0.758199815370495,-0.15134423485720092,-1.4690235552671178,0.8047527889769464,-0.7730099965879601,1.040654751498564,-0.7134947705691786,-1.607265304129181,0.7464186222269159,-1.0331072980463127,-0.35035700798246916,0.14416503407437875,-0.4111266988585533,0.14075202332290443,0.355004745816038,-0.7811675039173434
B14_PRE,Age_30_54,-0.6778343894045651,0.09429339362147425,0.306074344380934,-0.4342351381442232,1.3137498203484415,1.002338654897604,0.6401941024257376,0.027246843806239644,0.9745209923971281,0.7866875738673763,-0.3389708788856284,0.10920184334267358,-0.5590169943749473,-0.5104167109736747,-1.273275540486665,0.1297721096223998,2.3658390273151637,-1.065387892954342,-0.8205723349443653,-0.42332604345800623,0.3446849181715595,0.1231228280056867,0.2626676939049532,-1.0851152300604936,1.9627778256566495,-1.0231515637819824,0.924816571578247,0.8519417839471158,0.8833679111675131,-1.2475183076245613,-0.1182455913173071,-0.07757638549900737,1.3733581025112946,-0.7996967493634507,0.20046699357229839,0.21977403389345335,0.8609680563693883,-1.0611615890122248,-1.1394386478515433,-1.0625648074880396,1.0662773379235644,-0.6799185566645674,-1.3276758744753547,-1.020613870208129,0.08225796223664349,-1.4727714170240596,-0.5113496630690648,-0.38298110386679707,1.14601736339757,0.7145300627694913,0.5743516771683482,-0.5947533009678123,-0.811615507925259,-0.7912678020195758,-1.040726431473189,0.18860801424489473,0.23881193546663923,-0.46409186031358307,0.5706608658473422
B15_PRE,Age_30_54,-0.6778343894045651,-0.16029876915650582,0.13429644125379844,0.07306322460826883,-0.14707542094464449,0.07182800928227115,-0.22099227023236998,-0.29971528186863905,-0.3879161231872064,0.09027562323068235,-0.7203131176319608,-0.7332123767293798,-0.5590169943749473,-0.5104167109736747,-0.9363871187852036,-0.4480890373453372,0.9816377822513134,-0.28420690278557775,0.36841588120115204,0.19044933611634465,-0.15084746329346005,2.900238124414496,0.2157851080600635,-0.5905547332886064,0.18737135657107368,0.36556234781836344,-0.6343083322825843,-0.23793624428265656,0.43994982351683937,-0.2643676013207218,0.341513622575264,0.3542613446227809,0.21340587519127197,-0.003916544482408087,0.8450188880095416,0.8441795882772165,0.593227903885561,-0.787695589342199,-0.20895069320080345,-0.16937239788614805,0.6279542020692366,-0.6252173945464348,-1.0208596782913248,-0.7644826922478632,0.5708945821648368,0.3102985141615201,0.8238177321091451,1.7059934537085966,-0.7006291560336337,-0.7134947705691786,0.06438983464104167,0.7464186222269159,1.4973089815007896,1.722401395857174,0.36207464615945273,-0.8521964736729601,-0.9663131075225485,-0.4052515737191879,0.473974925736521
B18_PRE,Age_30_54,1.475286612233465,-0.31305406682329384,-0.6444581238691829,-0.8352271131027327,-0.7043756349622842,-1.0898245817860692,-1.9433650155485909,-1.9345259102430328,-1.4097439598754573,-1.9989602286793997,-0.7203131176319608,-0.7332123767293798,-0.5590169943749473,-0.5104167109736747,0.04329010725261277,1.5173169538999205,0.4399491775222677,0.9671884186747883,0.20455158940258533,-0.443036364699376,0.21299357895432716,-1.100542296139193,-0.39117880265461946,-0.6389514973149907,-0.35020669963256484,2.3359024051431025,1.0797921019304382,0.9602746218267836,-0.969960462715521,0.7449621522987847,0.9769262850998195,0.9510849722605328,-0.1855039421739033,1.165391890936808,1.9357799234713962,1.9008474142905332,-0.206430064776243,1.9292112653412032,3.040260836476947,2.949605189081601,-1.5586170102851977,0.9697913315924604,1.8214178249737378,1.6082599923155705,-1.0317230904044443,1.9219614040448718,4.043999604578302,1.3410932153819008,-1.6934695656522418,0.7145300627694913,-0.21358851112681562,0.7464186222269159,0.40948104558971377,1.040596203093735,1.5240048879385941,-0.4161658505556537,0.26620808430031656,1.8298275564696085,-1.218210608802788
B21_PRE,Age_30_54,-0.6778343894045651,-0.007543471489717781,-1.931084632052237,-2.0087609401251503,-1.429567017622211,-2.210026497230113,-1.6973117662177004,-1.9345259102430328,-1.4097439598754573,-1.3025482780427056,1.5677403148460325,0.951616063414727,0.4472135954999578,2.797083576135737,-1.0036154069296113,-0.4027946405120537,1.1939343350239577,0.0671885585560647,-0.06381808542003915,-0.7449509562413638,-0.018518369413280257,-1.3455581994478563,-0.05423350255440973,-0.9655179756429421,-0.6128439491050736,-1.2284676762161226,-0.25586472882483147,0.026607903085749375,0.8433244493696748,-0.4877584226531375,-1.3212203402882892,-1.2074936754455754,-1.228559675465607,-0.7077637947029835,0.2999333030795013,0.31613138954838976,0.3129812053439036,-0.5135896992498266,-0.3296048202959874,-0.2851905016777343,0.7686531988985437,-0.5325341687633692,0.06390433720034479,0.1410819049031155,0.6683133110692373,-0.3770652601387307,1.8988545698835915,0.4928406602455428,0.5826628174992027,-0.7134947705691786,0.32746719338247177,0.7464186222269159,-0.10466004329207983,-0.6671497684835069,-0.8623837282073779,0.5355390892032171,-0.33127058518313135,0.12173734419016065,-0.7701526060722783
B23_PRE,Age_30_54,-0.6778343894045651,0.09429339362147425,-1.1496640627538468,-0.6622102996355731,-0.6499017647017972,-1.7827396928852872,-1.3282318922213678,-1.6075637845681539,-0.047306844291122814,-1.9989602286793997,0.042371359860703325,-0.7332123767293798,0.4472135954999578,0.5920833847294626,3.144867958900423,3.6546410460840997e-16,0.0,-0.7557059290777578,-0.3788799812895898,-0.9452768696504419,-0.6208561756025829,-0.25998144891339714,-0.5099702698636148,-0.6431694879351466,-1.0230159038949431,-0.12358213704728607,-0.86901086490011,-0.402000799236714,0.8861297892804991,-0.9209029752564363,-0.1562968683769289,-0.11331678311831819,0.8493074432992708,1.5784454293655596,0.0,-2.5641393138764363,-2.118844244583849,-0.6338422554581448,-0.2682593172620985,-0.22630383108816582,0.9650444164079344,3.4323501011112234,0.09278475614383454,0.16519137440303988,0.8647553426332083,-0.8586767874805867,-1.8065924446378845,-0.3333667535200919,-1.6124961354871221,-2.9834866283573622,-0.9438980145390823,-1.4986687984632203,-0.09045543592317896,-0.4682524775196539,0.40170718434677066,0.5959526045462276,0.16965493809684837,-1.041372969569712,-0.14735224029294308
B24_PRE,Age_30_54,-0.6778343894045651,-0.26213563426769787,0.3622782009125103,0.07306322460826883,0.33989560521509665,0.4068501077862815,0.14808760376396266,-0.29971528186863905,0.2933024346049608,0.43848159854902935,-0.7203131176319608,-0.7332123767293798,-0.5590169943749473,-0.5104167109736747,-1.6766452693531597,-1.459504972247081,-1.3164023147598576,0.6050406084220061,-0.23993488321329218,3.5295343737312272,2.803015383471195,-0.4902940701993829,-1.4199844795722671,-0.996619249821159,2.2374617916533985,1.2169624028962955,1.3242270503209033,1.1311424457724815,0.4862214529849653,1.9183587018261798,0.9621480421209919,0.9372042218365598,0.36342522392811927,0.6277720533368086,1.2077812211329073,1.1956032946976416,0.34841393584506963,-0.7206420650440609,0.5988081342494032,0.6060100773639049,0.8103440511580804,-0.8464617095830155,0.5918349755567901,0.5818001523923858,0.7850470059483162,0.23386255325034072,1.6824422471544014,-0.7931703532234623,0.5433658238391869,-0.2164692400306775,0.32746719338247177,0.7464186222269159,-0.40854807367459434,0.22197909887308637,-0.04867289704471003,0.0644164679837843,0.6329013710266368,1.3530451979231048,0.7443470635977195
C01_PRE,Age_30_54,-0.6778343894045651,0.6034777191774344,-2.616327883566062,-2.194948556344171,-2.722133831188072,-3.0177779167814966,-2.066391640214033,-1.6075637845681539,-1.750353238771541,-2.347166203997747,3.474451508577691,1.7940302834867805,3.4659053651246734,3.8995836718388746,1.5891555725066826,1.3365631737886299,0.0,1.3476444274766437,0.9309103536685812,1.7664770902614786,0.180328557966203,-1.009436719947546,-1.8572617494863286,-1.0669989500831252,-0.9175983329974564,0.8770624024591499,0.0013150574034926055,0.20638477511248157,-0.6088425063691939,0.9697151528789817,0.8174903320066624,0.8013316709604298,-1.8365463896740601,0.860382656281111,2.389390154276836,2.3402794446432025,-1.7105587967491673,4.033608796880606,-0.5646175004388536,-0.5107834725642805,-0.7548114051340982,1.3741413628994288,1.1159541764862002,1.0193365992790477,-0.08802842152413877,-0.3154009134150058,-0.013330040437075728,5.5116464622814485,-2.3397429081822683,-5.157214589235192,-2.4389740942070977,-4.018508384570861,0.2886782783543856,0.948550448886813,2.7267681174317704,-3.451990894716526,-1.6492084535629241,-3.50799871598111,-1.9279448709739184
C02_PRE,Age_30_54,-0.6778343894045651,0.19613025873266626,-0.41762598044788346,0.014142444601747945,-0.8287034420658576,-0.10907971983195143,0.8862473517566279,1.0081332208308758,0.6339117135010445,0.7866875738673763,2.330424792338694,1.7940302834867805,2.459674775249768,1.6945834804325999,1.1432079278153913,-0.03924750803441595,-1.1298617523698056,-0.8144671863618534,-0.9841132762975017,-0.1136898323179191,-0.5340325246152512,-0.2348708523892876,-1.026788986143263,-0.16741535437603472,1.8915117212845476,-1.0336568508157846,-0.49531992229659,-0.14077891336758597,0.49141419929533325,-0.18551470461201455,-1.1242865927808412,-1.0225198458011986,0.04086935444604919,-0.4251755094558125,-1.4492824943154616,-1.3784103054424421,-0.21816411814908612,-0.28089227812981793,-0.5417208064855029,-0.48880451717652684,0.702864616589872,-0.8406675048369117,-0.27324859050958755,-0.1403744771299242,0.9091339873189509,5.301126437306193,-0.24069606403803095,-0.35336872864602953,-0.9140805197091314,0.7145300627694913,0.32746719338247177,0.7464186222269159,-1.2388442684367422,-0.3447689019939554,-0.3779407703374714,-0.474098825922484,-1.2893364372340559,-2.170083162850517,0.2507237174014511
C03_PRE,Age_30_54,-0.6778343894045651,0.3998039889550503,0.3622782009125103,0.9181112212217887,-0.14707542094464449,0.07182800928227115,0.14808760376396266,0.681171095155997,-0.3879161231872064,0.09027562323068235,-0.7203131176319608,-0.7332123767293798,-0.5590169943749473,-0.5104167109736747,-0.1935145347894133,-0.07619820018787994,-1.1536995189531134,-0.703592138212905,-0.5583906560345009,-0.5129522429781094,-1.2669942258317286,0.35072625921957423,0.5198099402473982,0.9136004913453886,1.9672197735513917,-0.9767463470735984,0.058523917712002195,0.2463755928564054,1.191413098736809,-0.2664917300605926,-0.3972826719580786,-0.3396673580833592,0.12765466061679154,-0.1434704154340262,0.13088641099941936,0.15236828641101682,0.6469619004007191,-0.5661916418776178,-0.5230711999436917,-0.4709024186894382,0.74628181922869,-0.7472658797545827,-0.3243824927206638,-0.18306122825297189,1.0582401271198416,0.32717047881955197,0.1523363128130182,-0.3569077783135444,-0.39890515522230874,-0.7134947705691786,-0.5283755933842041,-0.6886642159243408,-1.2936220892703654,0.6575035236907747,-0.4496247771240345,0.557584574558078,0.9325641711507849,0.1357539891203275,0.8091694466597898
C06_PRE,Age_30_54,1.475286612233465,0.6543961517330303,-0.694803204815946,-1.0121402901151997,-1.2227124732310557,-0.5828672235195124,-2.066391640214033,-2.2614880359179113,-2.4315717965637083,-0.9543423027243586,-0.7203131176319608,-0.7332123767293798,-0.5590169943749473,-0.5104167109736747,0.09071172786559303,3.6546410460840997e-16,1.5656522261197572,-0.07026453374860615,0.4457717424463977,-0.3849321445722043,0.3147746790721571,-2.346165865039937,-0.36948512708505515,-1.1459998149861697,-0.0438636526756962,0.670288058240949,-0.8218302592940354,-0.36902005133042987,-0.2176987032190464,2.191934971717315,-2.755743510453026,-2.5548972964979684,-1.1868248391981624,1.6707720009228422,-1.0922758410097384,-1.032562377292799,-0.8076445964502805,0.4741970801571579,-1.504011041936626,-1.4125245178954824,0.13492691574085505,1.0915946534768952,-2.4169105702533322,-1.9299106060866462,-0.5508688381981178,0.2733553054145074,-0.36436977852456603,1.1637040301588022,-0.4560885857097701,0.7145300627694913,0.7766557690788325,-0.32565894637614384,1.5483242241030748,1.1612909151615156,1.0883399014294752,0.5188065965603502,0.9427777944033763,1.0132177330746128,-0.5621013954099586
C07_PRE,Age_30_54,1.475286612233465,0.45072242151064634,0.8769319850404451,0.3733468742879266,1.3137498203484415,1.002338654897604,1.0092739764220702,1.0081332208308758,0.9745209923971281,0.7866875738673763,0.042371359860703325,0.951616063414727,-0.5590169943749473,-0.5104167109736747,-0.8456289297902383,-1.2471775541093197,-1.1386183898264235,-1.259277369326503,-5.4899730463686356e-15,-0.8172904272767437,-0.8908471867149971,1.173719119610249,0.07698978532778637,-0.8808162309706323,-0.05048200808720728,-1.6467751357365992,0.7242897743365282,0.7117671578835828,1.1366859673949634,-1.5583139111209066,0.9246923473265979,0.9020232363741888,1.528180652917773,-1.4921460232802903,0.13453078593608342,0.1558987514865976,0.8103409321101749,-0.9812093598757593,-0.2532626842329657,-0.21190828870176923,0.924107010370064,-1.0805366187904917,0.25032868785793577,0.2967095710050882,1.0874516518620372,-0.2721284243201638,-1.1691193869687997,-1.21790772468237,1.14601736339757,0.7145300627694913,0.8685228978917701,0.7464186222269159,-1.3651025408997999,-1.3301616566149417,-1.79566973725857,-0.016518367788864705,0.45817227317138115,0.30423987019243837,1.2035301979146409
C08_PRE,Age_30_54,1.475286612233465,0.5016408540662424,0.6789748463597349,0.014142444601747945,1.3137498203484415,1.002338654897604,1.0092739764220702,1.0081332208308758,0.9745209923971281,0.7866875738673763,0.42371359860703584,1.7940302834867805,-0.5590169943749473,-0.5104167109736747,-0.01237164728917783,-0.4145552909178897,0.4367150624637062,-0.6906375236776067,-0.4594400504318354,-0.4966613987140932,-0.801475421131583,-0.29144571812454934,0.13098979440363356,-0.3095326404164744,-0.714835359600665,-1.0171999740273452,1.240649940909481,1.072719381023209,0.993276062607795,-1.3594779597101596,1.0908156399528182,1.0580577506163045,1.0809779881719401,-0.831450859564605,0.9212800319490224,0.918057087157344,1.0418196420404298,-0.19718181665577783,0.7006346884735298,0.703755249533321,0.6898560971571476,-0.9803089926165232,0.9578468231205056,0.8873480564139744,1.2438563471905228,0.9957850642074259,0.5327172337506274,0.49888298319541086,0.1642244711211215,-1.3599144396010012,0.06508428100806907,0.047478767950279,-0.9278369000525735,-0.9582179889834785,-0.6254255793518162,0.8019291067966939,-0.6178260266350206,-1.1915032202625624,1.0513961983133056
C09_PRE,Age_30_54,1.475286612233465,0.2979671238438583,0.037299046744636154,-0.1672758075988918,-0.0346682114644366,1.002338654897604,0.6401941024257376,0.35420896948111835,0.6339117135010445,0.7866875738673763,0.042371359860703325,0.10920184334267358,0.4472135954999578,-0.5104167109736747,-0.6436989622231375,3.6546410460840997e-16,-0.5795670933191519,0.23713877450535165,-0.16727521873755455,-0.4462307594283354,-0.24101931519323216,-1.4650007033526864,-0.40743506151630576,-0.3023975344719739,-0.6746117784247943,-0.0587457623701222,-1.4056827766969822,-0.7771515800286088,-0.0696759537265429,0.061905885908741916,0.1566320506123395,0.18060775386195896,0.5166564265016246,1.091107782672338,0.28694371358982673,0.3035478072231846,-0.05204910266825097,-0.36303075564144527,0.2855286481720896,0.30528736768275716,0.8169056560898729,-0.3392140363940888,0.6975082720839724,0.6700165707401867,0.8010796138271145,-0.7643267436849632,-0.19775818068659448,0.23063374899798694,1.14601736339757,0.7145300627694913,0.06438983464104167,-0.1574968752684772,0.11552054476930075,0.303207452083965,0.8597223956818993,0.8549238748523638,0.6967014727322582,0.3022299037271954,0.5438569122235738
C11_PRE,Age_30_54,-0.6778343894045651,0.2470486912882623,-0.229925055989884,-0.31228030915594646,-0.7043756349622842,-0.1810010940989259,-0.9591520182250353,-0.9536395332183966,-1.4097439598754573,-0.2579303520876646,-0.7203131176319608,-0.7332123767293798,-0.5590169943749473,-0.5104167109736747,1.5891555725066826,0.5857886803134933,1.677614209337549,-1.0991905496105523,-0.9154272994029438,-0.38781589120530513,-1.3022018587471267,0.9760079858156093,0.8628033716793705,-0.3013391441758352,2.002593923631578,1.258171351094404,1.6016916141970163e-16,-2.1506199840690257,-2.476972803169783,-0.6779800266964036,-0.5933799240735913,-0.5238554932589813,0.053462787992575964,-0.03289310188239003,-2.0865569519393485,-1.9957658891300396,-1.6813491822707798,-0.029834593029078506,-0.8640243576830013,-0.798189592048771,0.2530171250397564,-0.0343656059141283,-1.411391646771303,-1.0905000745177418,0.10664394151927716,0.5057076789124524,0.19106874542826321,0.6597429286504359,-1.058740125268154,-0.2164692400306775,0.06508428100806907,0.047478767950279,-0.7762843283807569,-0.02659927279496062,1.5627768928479464,-1.1767756422532356,-0.9679325843008935,-2.0005369640411375,-0.022607833801210713
D01_PRE,Age_30_54,-0.6778343894045651,0.8580698819554144,-1.4574720479924368,-1.300453706496923,-1.254213394407302,-1.6188807045913922,-1.2052052675559255,-0.6266774075435178,-1.0691346809793738,-1.6507542533610526,0.805055837353371,0.951616063414727,0.4472135954999578,0.5920833847294626,1.1738341479700696,1.0121387454763413,-0.042395982640166294,1.1204508345048763,-0.03919718897006518,0.023249481045233385,1.7549581014938058,1.0410078472694735,-0.2662197562352178,0.10896363042878529,-0.31876186204748075,0.968567324336223,-0.799378147702444,-0.3533253093309637,-2.4233589223875507,0.2688700578678616,0.07814808899055367,0.10689017558709163,-2.267677780328476,1.0202919856196775,0.0,-0.03181433717345919,-3.11726198958583,4.033608796880606,1.196789769146733,1.1800235879118235,-0.5565013628532575,3.4323501011112234,1.2989198542441827,1.172076953775657,-0.1290120278222295,0.5844514729749405,-0.47245247168601723,0.05299400934737492,-1.6934695656522418,-0.48950014499342087,0.06438983464104167,-0.6886642159243408,-0.10152533089685505,1.0097867895150612,1.5303574210667747,0.10272724501938223,-0.131091687688366,-1.2943996665221973,-1.1374870121341334
D02_PRE,Age_55_87,-0.6778343894045651,1.1126620447333946,-1.074595061162164,-0.8761279012623315,-0.7043756349622842,-1.0863843885220394,-0.7130987688941507,0.027246843806239644,-1.4097439598754573,-0.6061363274060116,0.42371359860703584,0.951616063414727,-0.5590169943749473,0.5920833847294626,0.5149035515323709,1.7622775281187213,0.0,0.06634469281472334,-0.5725972813539255,0.42302756923906043,0.19579337535824512,-0.6171302226773724,-0.6452968913182536,0.509980461956558,-1.1104043851955292,0.10076650626133911,1.1362869494699295,0.9997663218753248,0.132161317823511,-0.48723353038205897,-0.6564733002045554,-0.5831171665671444,0.5585984898891723,2.079879193863302,-1.259244844901243,-1.1943125394435146,-1.1410262392324473,-0.36333360943672766,-1.0238908918930318,-0.9516484027642268,-0.036099875016899076,0.20383895999753268,-1.2683427154363545,-0.9710823522968387,-0.2989610417399234,-0.7318557041484115,-0.6533340617736109,-0.04193976012948475,-1.2420161243904801,-2.015965058878624,0.06508428100806907,-1.806317433504216,-0.6766478353404287,-0.9824105309493066,0.07180004125339876,0.23445893480516414,0.2971308959351951,-1.5991643247730776,-0.7805028657692671
D03_PRE,Age_55_87,-0.6778343894045651,0.9599067470666065,-0.9325944223744148,-0.8352271131027327,-0.5290220117473751,-1.2757823346187316,-1.451258516886816,-1.9345259102430328,-1.0691346809793738,-0.9543423027243586,-0.3389708788856284,-0.7332123767293798,-0.5590169943749473,0.5920833847294626,0.23562603786577818,2.3844265297679046,0.9085365148959162,-0.16470805690179754,0.5032197753353447,0.14820789828796893,-0.2872048309465847,-0.826775314173045,-1.2956080153663097,0.08913557659038386,-0.9130293325651754,0.29862749799713395,1.4066011922095005,1.1887245978607126,0.7355982110188722,0.38094227807687586,0.9252036943855142,0.9025035289850913,0.23830625047816778,0.6749959081008027,-0.38937158081542644,-0.3516283391599297,-0.2634094538059306,0.2139783430388679,0.38130656934743873,0.39722634633765064,0.3115520842855941,0.09679182642879074,0.005306089238028224,0.09216389319556624,0.5814887694232991,0.8425673379171358,-0.2591463560935942,-0.2908930159874354,0.2245518482646958,-0.2164692400306775,0.34306262677592664,-0.8564367295451134,0.0036061232562267756,0.3288715894663722,0.3467350214165518,0.6400369185426729,0.3125105863950381,-0.3730442589516959,-0.3047557503540272
D06_PRE,Age_55_87,1.475286612233465,0.9089883145110105,-0.19050134978370134,0.014142444601747945,-0.47266552966164027,0.309423543798385,0.8862473517566279,1.0081332208308758,0.6339117135010445,0.7866875738673763,1.5677403148460325,1.7940302834867805,1.4534441853748632,0.5920833847294626,0.4716720273506158,0.25437143284096203,1.3990953006039004,-0.38310194608854214,0.9239353478435225,-0.7130624535408993,-0.807031300381457,-0.3373573948372558,0.13681136150563666,-1.037939794130235,2.6134354466813874,-1.3519800940014157,-1.1644693550568335,-0.6085357060157395,0.980000260311406,-0.7264631566884427,-0.2523732784405685,-0.203558408705025,0.8470601517736276,-0.6961189027164857,-1.136742862889547,-1.0756395223423847,0.6177188568208162,-0.07122022920536766,-0.42216765142814533,-0.3740432565847415,0.3287264262677081,-0.6396711515994744,-0.5093067940693216,-0.337436648217767,0.6997937063133502,0.0,4.3348661920842427e-16,-5.274535832820104e-15,0.0,0.0,0.0,-6.759968095106542e-16,-0.2312630836366637,-0.14490416654826732,-0.9887032508173732,-0.11488826163895349,-0.6050452108147152,-0.8689992055006511,0.2115926106954968
D07_PRE,Age_30_54,1.475286612233465,0.7562330168442224,0.06724277211858931,0.07306322460826883,-0.5290220117473751,0.4068501077862815,-0.3440188948978181,-0.29971528186863905,-1.0691346809793738,0.43848159854902935,-0.7203131176319608,-0.7332123767293798,-0.5590169943749473,-0.5104167109736747,2.994475788384767,0.7038189915936581,2.3335235443093874,-0.2619765988363047,0.49553402059656526,-0.306192491909493,-0.30426356135090005,0.6167326317849925,-0.3791825318412333,-0.8329269617643362,0.8388134381458411,1.3674362682091807,0.11473339042818068,0.2856678068028586,0.18446879775528183,0.804448429724186,0.6064442082497085,0.6031025190907294,0.59567132453845,-0.0815984500865181,0.6184929696345934,0.6247340434484417,0.35959020544721776,-0.6222583135166257,-0.31250345734847085,-0.2687745905396883,0.4908953293523673,1.2086362120192653,1.7947209258498207,1.5859733324014562,-0.3043741675262732,-0.6989919295375827,-1.3300548098860798,-0.43632049711870163,-0.4560885857097701,0.7145300627694913,0.590544552123913,0.7464186222269159,-0.4590007705612674,-0.2749453168336175,-0.123556734004125,-0.07815450938473452,-0.5967402016949689,-0.9319058002304219,0.11465591919310796
D08_PRE,Age_55_87,1.475286612233465,1.1126620447333946,-0.229925055989884,-0.31228030915594646,-0.14707542094464449,-0.7584164771941542,-0.9591520182250353,-0.9536395332183966,-0.3879161231872064,-1.3025482780427056,-0.7203131176319608,-0.7332123767293798,-0.5590169943749473,-0.5104167109736747,0.8630900605469922,1.3503369084981618,0.0,-0.7208532263615124,0.7277694122420186,-0.33575217651646255,0.6639515450511005,0.27428239885397576,0.8327817949427168,1.2305954488266215,-0.2487958431377681,-0.48430344942040193,1.372739990444144,1.1650545379943535,0.6411060581265721,0.11461606607253179,1.3910601249197494,1.340068187714365,0.7216545270186094,0.0018637504861446787,0.2654490299646405,0.2827249689674593,0.16791409471386204,-0.3976382856633662,-0.36811365439549804,-0.3221558359933326,0.1296354755723235,-0.2028794055668354,-1.5317996116124533,-1.1910170428333964,0.07797916975403894,0.7589847513358657,-1.1036225986319645,-0.1953326682924681,0.2245518482646958,-0.2164692400306775,-0.7390487822426596,0.047478767950279,0.3151338584165322,-0.12406839542665508,0.5359710940683312,1.5766016054163787,2.1600552540387215,1.0345870477975156,-0.07076540088670938
D11_PRE,Age_55_87,-0.6778343894045651,1.0108251796222025,1.1969476169881448,1.5468807013103434,0.6905231711954907,1.002338654897604,0.8862473517566279,1.0081332208308758,0.6339117135010445,0.7866875738673763,-0.7203131176319608,-0.7332123767293798,-0.5590169943749473,-0.5104167109736747,-0.8870396878347575,-1.6406825595802037,-1.10133765610023,0.06213144515348632,-1.1102362477323517,0.06600613215649723,0.14199385648953733,-0.3599828931432715,-0.49753237823605745,-0.8521044751722431,-0.6035404088138341,-1.3208115745605657,-2.5710841393004404,-1.5918042970914332,0.1360941435132564,-0.9509722844509136,-2.1675840161777735,-2.00245712067855,0.004303003039607641,-1.2583421261932772,-0.6517912595289288,-0.6058457363663661,0.6762776151202415,-0.7028059948194297,-0.8880623655856139,-0.8212641155751103,0.49203873585395014,-0.3314125519517812,-2.0711861221577976,-1.6412986904130056,-0.47548080261853115,0.2215222738098548,-1.1830683349908548,-1.2027046719298733,0.8272033878230797,-0.48950014499342087,0.5743516771683482,-0.5947533009678123,-1.0416947932107943,-0.40230732198020347,-0.9616199247388839,-0.22490526826849563,-0.21450363999718414,-0.4791043866941183,0.7832461121117974
D12_PRE,Age_55_87,-0.6778343894045651,1.0108251796222025,-1.6020449746185277,-1.7437813540195035,-1.254213394407302,-1.7827396928852872,-1.9433650155485909,-2.2614880359179113,-1.0691346809793738,-1.9989602286793997,0.42371359860703584,0.10920184334267358,0.4472135954999578,0.5920833847294626,-2.898667703780026e-16,2.3267887475987714,0.0,0.4123837159560365,0.49085945113480384,-2.9018229131169407e-15,0.13963135978942035,-0.9922435687633251,-0.7766023699088661,-4.2649019807817476e-16,0.0,-0.10662358804418327,-1.2596952957567082,-0.6751016753163993,-0.1084348902910263,1.1233934305002322,0.4783489261249162,0.4827865489033298,-0.25424842368304224,-0.0725953691540038,-1.3086675555393827,-1.242190476505667,-0.42777706089354667,-0.5107756043999444,-0.14949214001213926,-0.11229704497203175,0.6826782305652449,-0.10134899543461987,-7.373858441829468e-17,-6.839690531725728e-17,-2.1379309508071107,0.1273119632482084,0.5874124372698801,0.7407038739026846,0.5254793870117416,0.7145300627694913,-0.21358851112681562,0.7464186222269159,0.1909325592022006,0.20145564239655384,-0.6744815322695095,-0.5206660862111667,-0.37390197663946967,-0.3491542177780201,-1.4623438830895787
D16_PRE,Age_30_54,1.475286612233465,0.7053145842886264,1.6365616971090902,1.5468807013103434,1.3137498203484415,1.002338654897604,1.0092739764220702,1.0081332208308758,0.9745209923971281,0.7866875738673763,-0.7203131176319608,-0.7332123767293798,-0.5590169943749473,-0.5104167109736747,-1.0590787446487646,-0.6915662862877495,-0.8305960240550306,-1.1951862252839607,-1.2495915933660806,1.1767502243383645,-0.9781875412360945,0.4005213591710862,1.1888938540062863,-1.2971563513837487,1.1707310837452911,-0.6220459032842606,-0.44160426519592527,-0.10322995606405719,0.9849895754002261,-0.8978041066712333,0.2505716629717696,0.2688423508945183,0.924303338272247,-1.3739416208076696,0.47823303135412754,0.4888581189872908,1.317901815745849,-0.69562684785883,-0.6319387743302238,-0.5754063949180381,0.8058527048298932,-1.299120801665952,-0.2493670829262746,-0.12043811540959434,1.309868178497911,-0.2772133966863554,-0.47467718579077756,-1.2314102286456672,-0.09505858937407448,-0.48950014499342087,1.5826395263484836,0.7464186222269159,-1.1056310762129784,-1.1652930230251566,-1.3606702472701873,0.3824734071149378,0.5446248914514201,0.3247709561889848,1.7204945970714776
E01_PRE,Age_55_87,-0.6778343894045651,1.4181726400669705,0.516705249750891,0.3733468742879266,0.5885584376885148,0.309423543798385,1.0092739764220702,1.0081332208308758,0.9745209923971281,0.7866875738673763,0.805055837353371,0.951616063414727,0.4472135954999578,0.5920833847294626,0.48212976106196936,1.3503369084981618,-0.22258239304566907,-0.6121959844308127,-0.6596117708836522,-1.1634720736349211,-0.7484136690551859,-0.6407646711934496,-0.3256342506630711,-0.7280347349471725,0.10198442675439065,-4.8151923865251375e-15,1.6016916141970163e-16,1.2440372402282849e-16,5.195873903766737e-16,-0.8009363446584711,-3.3502344385868,-3.1132843939738795,-3.047267583023399,-2.1818020739035615e-15,0.0,-0.03181433717345919,4.742982579306344e-16,-0.6302484144520417,-0.4085417717802399,-0.36096352544493715,0.6238256059099885,-0.7877006182139454,0.3250764866679207,0.3591092813113037,1.0881218038387652,-0.1586763299102145,-1.1074751293626852,-0.5478168218243725,0.8272033878230797,0.7145300627694913,0.8685228978917701,0.7464186222269159,0.5113728728700644,-0.7078985747258782,-1.2164765803437105,-0.8088780152075165,-0.8987195610759348,-0.6719583006899509,0.8781994998082032
E02_PRE,Age_55_87,-0.6778343894045651,1.4690910726225666,0.205180747147695,-0.12691987947449443,0.6905231711954907,-0.1810010940989259,-0.09796564556692772,-0.6266774075435178,0.6339117135010445,-0.2579303520876646,-0.7203131176319608,-0.7332123767293798,-0.5590169943749473,-0.5104167109736747,-0.6338598221353327,0.6485121491445986,1.0978605837208417,-0.785009030026814,-0.5730681119929041,-0.5774144023453249,-0.30045506871012373,0.589434492447581,0.7026051847880721,0.8333682124744838,-0.07195589380473326,-1.0839863928005486,0.3560759700515331,0.4543739663648266,0.19642843393928977,-1.0446964014227935,0.9754233064451442,0.9496732705022113,0.5706654682699835,-0.10521891182668615,0.11497156132351499,0.13695087685783694,0.6002475688019288,-0.9426191089969936,0.6958493337453768,0.6991616999886174,0.8783753067944888,-0.8640193207691028,0.5289712224945738,0.5293212828832583,1.1350089686021434,-0.9502796853059875,0.5215089301462357,-0.6727280039791506,1.14601736339757,0.7145300627694913,1.5826395263484836,0.7464186222269159,-1.1235741645634045,-1.143386257726593,-1.1577516263022085,0.8429808090544219,1.0765361181350865,0.26985367595315923,0.7747524318127336
E03_PRE,Age_55_87,-0.6778343894045651,1.6218463702893546,1.6365616971090902,1.5468807013103434,1.3137498203484415,1.002338654897604,1.0092739764220702,1.0081332208308758,0.9745209923971281,0.7866875738673763,-0.7203131176319608,-0.7332123767293798,-0.5590169943749473,-0.5104167109736747,-0.796328185151,-0.5199243614458368,-0.16806445348708493,-0.2501129487644223,-0.5148417128648642,-0.4704920480780803,1.0422329944915747,0.2938189583410249,0.2628134925801441,-0.7328554852160133,0.3064642331307907,0.5499984909178456,0.8870421669068111,0.8255362704575223,0.491365738945689,-1.159858606754116,0.9174841660899372,0.895252812792698,1.455812043693224,-1.4486974124744223,0.8269575728042861,0.8266828038740243,1.3738317146557442,-1.1211074905506369,-0.11382953949304926,-0.07806386233801059,0.9236067637253188,-1.1319530236024575,0.41970163163395463,0.4381026661007876,1.3565799960195222,-0.43697835423568443,0.5925642085696053,-0.3167236407807265,0.2237553862004163,0.7145300627694913,0.32746719338247177,0.7464186222269159,0.7148890250726796,-1.2102356183099958,-0.6662632433868463,1.122831753124822,0.8749397115771553,0.9991784142462249,1.7724906688963407
E05_PRE,Age_55_87,-0.6778343894045651,1.2654173424001824,-0.17424159652090543,-0.6622102996355731,0.6905231711954907,-0.7584164771941542,-0.8361253935595929,-1.6075637845681539,0.6339117135010445,-1.3025482780427056,-0.7203131176319608,-0.7332123767293798,-0.5590169943749473,-0.5104167109736747,0.8137893159077539,1.8843340080062976,0.19860334127719687,-0.5890352164996373,-0.41931400799444396,-0.6176427347263,-0.04875662246827724,0.47138360976467786,0.2504099132859685,1.604208644579353,-0.5508132655677782,2.266934601217869,0.6588598299112853,0.6660295401720174,-0.7858092201421197,1.0514533314368792,1.3476288600626831,1.2992745325456057,-0.5123056571140838,1.0517062921105966,-0.1645819457811063,-0.13386480779078325,-0.18870562007801006,-0.32362145642904194,1.4024636796295882,1.3774537370913256,0.3656087075301466,-0.26157642159671385,0.12430470009500828,0.19150432813190163,0.46994671256246867,-1.0095712723252523,-0.017276719035105987,0.28494457465417444,-0.9140805197091314,0.7145300627694913,-0.9277051395835293,0.7464186222269159,0.8015684630880817,0.9134732996648854,0.4976968659946192,0.19020849265703862,1.3560504278472127,-0.7662104760128243,0.16203216547093938
E11_PRE,Age_55_87,-0.6778343894045651,1.4690910726225666,-0.03950482600181584,-0.1672758075988918,0.33989560521509665,0.07182800928227115,0.2711142284294049,0.35420896948111835,0.2933024346049608,0.09027562323068235,-0.3389708788856284,0.10920184334267358,-0.5590169943749473,-0.5104167109736747,0.29762545915451716,0.9383962888776024,-0.05256034425277914,-0.191756637956219,-0.7652227589021111,-0.407608473459347,-0.9726564511307555,-0.11840768996690283,2.0022678610349702,-0.47979492870293816,-0.3810897981030974,-1.1346564431390347,-1.715419820004962,-0.9936676508028482,0.4783273239025847,-1.2836842992010744,-0.4125869586033094,-0.35404220519094476,1.1404934696108049,-1.8702587195358906,0.04777323579188411,0.07185292575512013,1.0111877938160436,-0.6839411999921993,0.49432100982147603,0.5057109751845721,-0.08238119487261292,-1.0478931919576657,-0.9666449099291153,-0.7192240238458649,0.9963401067857945,0.13448822930126078,-0.3622759299553753,-1.3219298007549356,0.5254793870117416,0.7145300627694913,2.262199690894131,0.7464186222269159,-1.130357545585774,-1.1841669771550531,-0.38033218963943005,-0.9294384226545165,-0.041599282274000254,-0.7203231312270546,0.26982782547764445
E12_PRE,Age_55_87,-0.6778343894045651,1.6727648028449507,-0.1285762135198264,-0.4342351381442232,0.07528961795812962,0.4068501077862815,0.14808760376396266,0.027246843806239644,-0.047306844291122814,0.43848159854902935,-0.3389708788856284,0.10920184334267358,-0.5590169943749473,-0.5104167109736747,1.5891555725066826,0.7790447734688019,2.9851463934496514,-0.5989142473783075,-0.1462345591587865,0.03546636484926519,-0.7716485532294693,-0.8037623363241455,3.791728493294539,0.2184973810110575,0.46670486595504485,0.330383022550515,1.4485854263558182,1.2180729164045425,-0.0786616349611972,0.47548020102775795,0.15470899850014366,0.178801489987429,0.005659376865353322,0.8680185833126107,0.6845337494206086,0.6887106294613107,-0.03149400237008429,2.2193569203615575,1.3606521093220103,1.3373180458708176,-0.4683696702803208,0.38949695798766726,0.9962320390508649,0.9193921619559278,0.2819583385325188,2.469646520317421,-0.9247793098718468,-0.13377668980927973,-1.6934695656522418,0.7145300627694913,-0.9277051395835293,-0.1574968752684772,1.5115837727568804,0.7480375541647606,-0.6790196894397766,0.5092186164930254,0.2360594181584116,0.621391207742102,-0.13251503828374006
E13_PRE,Age_55_87,-0.6778343894045651,1.4690910726225666,0.06724277211858931,-0.31228030915594646,-0.14707542094464449,0.4068501077862815,-0.3440188948978181,-0.9536395332183966,-0.3879161231872064,0.43848159854902935,-0.7203131176319608,-0.7332123767293798,-0.5590169943749473,-0.5104167109736747,0.9437640063202911,0.061115339685633055,-1.0255669604425297,-1.5005354489954443,-5.4899730463686356e-15,1.7698785961152925,0.08784509126734064,-0.5427976783935349,0.07698978532778637,0.03750033679114269,-1.2363940051436644,-1.3817534086956762,0.5442588254018075,0.5859197833984257,1.378609152761844,-1.326482535589884,-0.6568246085568867,-0.583447139728871,1.1258570059804958,-1.5305107075086142,-0.02879093450161428,-0.0023181279810331875,1.573180722379115,-0.6799986396190905,0.18511567679648197,0.2088991195490902,0.7478361822392282,0.14121309689374592,-7.373858441829468e-17,-6.839690531725728e-17,-2.692025124513911e-16,-0.06276851932105476,1.314580975115982,-1.1246837373769045,-0.37889615335796756,-0.2164692400306775,-1.019572268396467,-1.229574443871552,-1.4917078220741815,-1.3634210730209024,-0.6843513337689617,0.19908648693204192,-0.4390696035570849,1.0276340962248893,6.456512839425135e-17
E14_PRE,Age_55_87,-0.6778343894045651,1.4181726400669705,-0.5404873904746547,-0.3158061473005704,0.33989560521509665,-0.44927136513834925,0.7632207270911798,1.0081332208308758,0.2933024346049608,0.7866875738673763,1.9490825535923677,2.6364445035588338,-0.5590169943749473,2.797083576135737,-1.0372295510018275,0.2670856494959333,-0.28018044218385313,3.363611095139159,-0.5185444806130389,-1.020436513438464,1.7264245140829337,0.8700768578782332,-0.6856721131579715,2.0217023192761063,-0.6514320146824334,-1.4388497525254693,-1.0656332453854216,-0.5394461134758203,0.4596736966691102,-1.5270162489688972,-0.42905105057649134,-0.36950642187519533,0.5032861226058979,-0.8773967540880093,-0.7123092635776036,-0.6644721684571516,-3.978443843389229,-0.6274095404980041,-1.577556458032592,-1.4831221082131194,0.3261085410689663,-0.6197595938652027,-0.686093862676017,-0.4850190793069496,0.4253799366343311,-0.0066804460732048515,-1.4200837080103519,-0.6397512284120663,1.14601736339757,0.7145300627694913,2.262199690894131,0.7464186222269159,-0.752900232368295,-0.8771265406351739,-0.8892701905919751,0.6304822353431877,-0.045557508941944005,-0.16931433496374246,-0.09835391451171817
E15_PRE,Age_55_87,-0.6778343894045651,1.5709279377337586,-0.6253332708148461,-0.4342351381442232,-1.0704869841183475,0.07182800928227115,-0.22099227023236998,0.027246843806239644,-0.7285254020832901,0.09027562323068235,0.042371359860703325,0.10920184334267358,0.4472135954999578,-0.5104167109736747,-0.21555047368118999,-0.14485497012464668,-0.8093432679559206,0.04583933370529395,-0.43498282736859717,0.5528840220803936,-0.5918133327315512,-0.38479970260519214,-0.567090940381794,-0.07230875721016466,-1.064397912865652,-0.6157351689796913,-0.40769250082955144,-0.07952455132714727,0.39686945949924335,-0.39586863997595406,-0.48564200047827616,-0.42266056563691895,-0.5004917198910112,-1.0002272699766337,-0.5900298732751106,-0.546014785660689,-0.19383835154208814,-0.4291468949509378,0.07271076822621803,0.10099959152710757,0.3959492856195417,-0.1744037293349567,-0.28425787498770383,-0.1495650643184458,-0.10916218897580135,-0.10743657644711112,-0.6993864910729439,-0.5874249325588279,0.8272033878230797,0.7145300627694913,1.0571792552326402,0.047478767950279,0.030874174246352196,-1.016897676274209,-1.0480650877942663,-0.31671426118960644,-0.6168798488102971,0.8922836075645962,-0.2970261166857213
F01_PRE,Age_55_87,-0.6778343894045651,1.8764385330673348,0.06724277211858931,-0.48919348616841346,0.07528961795812962,0.4068501077862815,-0.3440188948978181,-1.2806016588932752,-0.047306844291122814,0.43848159854902935,-0.7203131176319608,-0.7332123767293798,-0.5590169943749473,-0.5104167109736747,-0.1774544437326877,-0.22622595671636414,0.07649624713167712,-0.5725343140762067,-0.9337283150961295,-0.4803585628945062,0.5666113584040444,0.5440925067164919,0.20232631210033086,1.464944985956357,-0.4726769772547202,-1.1555715520553635,-0.5302377754690727,-0.16518760626409315,0.4947564056408134,-1.211068312921484,-0.39470420890803476,-0.3372454868144689,0.8502731405216585,-0.15004152512869456,-0.6538537025592741,-0.6078437149540684,-0.0008319267398036632,-0.45368500736594436,-0.5191308199142375,-0.467119975815606,0.1637316493372147,-0.8573733079453729,0.2949850134679889,0.33398881970230987,0.8557955337781388,-0.26893714308776195,0.04227745591652118,-0.986084199870093,0.2237553862004163,0.7145300627694913,-0.21358851112681562,0.7464186222269159,-0.9951532437538351,-0.4934938522966814,-0.6575332491749708,0.6292967669395351,0.15451609290147814,-0.36762283535685686,0.372419222795826
F02_PRE,Age_55_87,-0.6778343894045651,1.7746016679561427,-1.6214662230679155,-1.8450185658645482,-1.0704869841183475,-1.6326111141348794,-0.7130987688941507,-0.9536395332183966,-0.7285254020832901,-0.2579303520876646,1.9490825535923677,1.7940302834867805,0.4472135954999578,2.797083576135737,-1.140003629344824,1.3910224017940205,-0.6467134821540259,-1.1382115288635513,0.07729243634821711,-0.5751656620664964,0.9071236275506072,-0.176606550511702,-0.01110433332063724,1.7009652851165054,-0.4222003143071237,-0.7385968810005632,1.7179688260837855,1.4063805034402723,0.8522474104752995,1.4188286885633634,1.7695318211871356,1.6955550453842594,-0.5286888164086793,1.5136234995683548,1.0061535670903934,1.0002777853196354,-0.18373756119174953,0.6467507790342899,-0.5295862978230401,-0.47715638032812635,0.12999512302061014,-0.405390636836921,-0.5740839666243269,-0.39151284666426933,0.4307728208402927,-0.1400706380899574,0.808752190380696,-0.07479593921090387,0.5254793870117416,0.7145300627694913,-0.21358851112681562,0.7464186222269159,-0.7652568057801415,-0.6090269176542398,0.0892690386947269,0.43522002638001495,-0.2364095845878066,-0.8460016747218622,-0.8494686157931606
F03_PRE,Age_55_87,-0.6778343894045651,1.7236832354005467,0.45134958843053086,0.5643652563054168,-0.14707542094464449,1.002338654897604,0.2711142284294049,0.35420896948111835,-0.3879161231872064,0.7866875738673763,-0.7203131176319608,-0.7332123767293798,-0.5590169943749473,-0.5104167109736747,-1.3210823231671385,-0.6801234912982959,0.26900309585550525,-0.8344847315478339,-0.1697785411507532,-0.6367182105835106,-0.5041067615565595,0.3938538140008579,-0.34643100225803714,-0.1874461405828388,-0.35509478598759997,-0.9359482591360802,-0.1764029507705653,0.08215421997861719,0.7897849745761146,-0.958868845830711,-0.7085250641619798,-0.6320077921750423,0.8250750879846471,-1.0598716892432927,-1.598377417408639,-1.5228450653326102,0.5894725182282028,-1.0090131206129442,-0.7743822064521062,-0.7121404512086036,0.9007500604570152,-0.8907274411887867,0.08310586248530515,0.15711140188221445,1.111009873210308,-0.7537747673499509,-0.22950860746142318,-0.5568568937037472,1.3623877541742437,-0.2164692400306775,-0.21543920514573825,-0.32565894637614384,-0.42946678966190516,-0.15062111461343242,-0.7124089543522741,-0.10802807464622617,-0.2556519941107087,-0.7538769056419948,0.9316177378609928
F06_PRE,Age_55_87,1.475286612233465,2.2837859935121028,0.4731162077481051,1.5468807013103434,0.5885584376885148,0.07182800928227115,0.7632207270911798,1.0081332208308758,0.9745209923971281,0.09027562323068235,-0.3389708788856284,-0.7332123767293798,0.4472135954999578,-0.5104167109736747,-2.898667703780026e-16,-0.3355682199489896,-0.36765555424395574,-0.6315058251562816,-0.640087862850491,-0.640073547294805,-0.10768329561024423,-0.7102677356990684,0.8891299187932609,-0.6847676145535468,1.562774410529163,0.79242734548187,0.8111018580043418,0.7724515728012723,0.40589097894128306,-0.41118658788172746,1.119947363907847,1.0854202855414092,0.3064622908518934,-1.0107949371927292,0.1575218580270238,0.17817120656541427,1.0778748692553466,0.011107557707656092,0.7694280950438693,0.7697912989761629,0.5034115279123189,-0.23604038966245464,1.206023519606395,1.0945267855808338,0.4937734717233001,0.6810387775814783,-0.8731389356531952,-0.7628763430398818,-0.09505858937407448,-0.48950014499342087,0.06253914062213048,-0.32565894637614384,-0.2896048390115494,-0.5314927722212819,-1.2405589169164173,0.01144293152866241,0.22539341358893097,-0.44788048615806864,0.6267544336587266
F07_PRE,Age_55_87,1.475286612233465,2.538378156290083,-0.21007639310294499,-0.48919348616841346,-0.0346682114644366,1.002338654897604,0.025060979098514537,-1.2806016588932752,0.6339117135010445,0.7866875738673763,-0.3389708788856284,-0.7332123767293798,0.4472135954999578,-0.5104167109736747,-2.898667703780026e-16,0.04840112303068232,-0.4477576539979392,-0.9052568942506217,1.7228386352548493,-0.8118119781690457,-0.4447885103795643,-0.6130387593518223,-3.15676498974976,0.28575553438093076,-1.4710170812919081,-0.27120868194850795,1.6698345008120867,1.3727330750736413,0.7291334515478621,-0.7305293502833978,0.4020056803916179,0.4110796794129442,1.674145583972377,-0.9079163680297831,0.6506698646941584,0.6559052061917571,1.0886384499622337,0.887947545199629,0.24608782237702417,0.267427397489156,-0.18687478686485448,0.5668924941184128,0.42422452833436625,0.4418783952639709,0.15722571582118985,1.778672735565114,-0.2817956430316036,-0.35317299425507603,-1.6934695656522418,0.7145300627694913,-0.5283755933842041,-0.1574968752684772,-1.1835606372374459,-0.8681686837964078,-1.2714490917953845,1.6806028870110692,1.7793474391762516,1.3167111569591756,-0.13398649024986575
F08_PRE,Age_55_87,1.475286612233465,1.7746016679561427,0.9639706221804518,0.5643652563054168,1.3137498203484415,1.002338654897604,0.7632207270911798,0.35420896948111835,0.9745209923971281,0.7866875738673763,-0.7203131176319608,-0.7332123767293798,-0.5590169943749473,-0.5104167109736747,-1.7524970379151124,-0.5008530364634106,0.2133301152045768,-0.3055629100410772,-0.4109917424366577,-0.24401673451358424,-0.3325769885429189,-0.5914049201871012,-0.2772617906020049,0.9170363122119541,-0.6115522137355757,-0.04889381597978508,1.270232173866784,1.0933983052365939,0.7812013402685304,-0.32495264366801874,0.8325533332699904,0.8154798861083203,0.8675811413049718,0.21129701303550472,-0.8297731712038834,-0.7782645829926911,0.16401526524713037,0.2658713606505448,0.19213579538803593,0.21563785980804911,0.21059490105741452,-0.7655425392534612,0.48578130750044224,0.493266198630746,1.012387100057681,-0.25128794172090874,0.4437390258256303,-0.33441433929292874,0.8272033878230797,0.7145300627694913,0.8685228978917701,0.7464186222269159,-0.1506041275143635,0.002574623013427347,0.11726979745563934,1.4133428972976423,-0.07424390026385799,0.02965681592728077,1.008913630056478
F11_PRE,Age_55_87,-0.6778343894045651,2.1819491284009107,-0.9360993783413055,-1.2745242192914434,-0.3852957774448301,-0.1810010940989259,0.2711142284294049,0.681171095155997,0.2933024346049608,-0.2579303520876646,1.5677403148460325,3.478858723630887,0.4472135954999578,-0.5104167109736747,-0.5994986970837424,-0.9483934627178566,0.9999130990901589,-0.47231905665066976,0.023131300863717775,-0.6432764852500499,-0.3009472091755641,0.45265689172011186,1.0868770006805024,1.7986553215086236,-0.09263237734129913,0.4840978839547069,-0.5671826544410964,-0.19101325483626472,-0.060275434433026055,-0.21211342244752326,0.5283005360125386,0.5297045641991381,-0.10983755789789287,-0.9197001323195758,1.048598193888206,1.0413957479771487,0.14540278824773575,-0.533625482448684,-0.6375825755444355,-0.5808239829487472,0.4893992172201214,-0.23263721459919984,-0.005450365656497123,0.08318436898179743,-0.1029703124865435,0.012086621165412498,0.5987666700686274,0.03824710714923665,0.9769328282735136,-2.015965058878624,0.06438983464104167,0.7464186222269159,0.08951606088812195,0.23460335473991933,-0.3879403470056017,1.6686770364430905,1.1900487850451285,0.19025290510853554,-0.46388713756237887
F12_PRE,Age_55_87,-0.6778343894045651,1.7236832354005467,-1.1146746512174603,-1.6218265250312316,-1.0473588500161466,-1.5967819400526146,-3.050604637537589,-3.2423744129425476,-2.0909625176676245,-3.0435781546344405,-0.7203131176319608,-0.7332123767293798,-0.5590169943749473,-0.5104167109736747,0.7742926966229108,3.6546410460840997e-16,1.2161367915767651,0.7327475328843188,0.0011839430835110163,0.31048747494846224,-0.42243018348355094,-0.585531611193882,-0.7361679261187248,0.21309088320774439,-0.6036982745196535,-0.08174497039400197,-0.01715815542763944,0.1934714102334986,-0.17257444627382884,1.7681573105415653,0.21477333144087069,0.23521807591900273,-0.4671422883427994,0.17076902365663016,-2.0189617077946673,-1.930283425641652,-1.4853906987237968,0.24738263653931172,1.7648291229972795,1.7252949551321688,-1.1326220647950194,0.04847530778298914,0.09332858114420702,0.1656453613166453,-0.1546114268835754,-0.12250130108832404,-0.5242818141240815,-0.23978686109115874,0.5433658238391869,-0.2164692400306775,-0.19799307773336075,0.047478767950279,0.9023553269638049,0.9413806509236031,0.7083200559164036,-0.7904959339723481,-0.31204300603362956,-0.3292016093163037,-1.1096451124015037
F13_PRE,Age_55_87,-0.6778343894045651,2.1819491284009107,-0.694803204815946,-0.31228030915594646,-1.0473588500161466,-1.4212326863779843,-2.066391640214033,-0.9536395332183966,-2.0909625176676245,-2.6953721793160934,-0.7203131176319608,-0.7332123767293798,-0.5590169943749473,-0.5104167109736747,1.4479761674034095,1.3503369084981618,2.4049564189758526,-0.17993575986498953,-0.8085980124575534,-0.6693919011577829,0.3557472612404118,0.32284539815479135,0.9018798063440207,0.9937459508016752,0.28932962103354,-0.31219946913573365,0.5284308189878054,0.5748555021605454,1.2726413190653054,0.5988915055486113,0.7510085757590231,0.7388873961205151,0.9050280902501086,0.7137816311158189,0.6884054764116537,0.6924613403957305,0.7370417300304692,0.2575793413078043,0.22828000745281132,0.25033335017516056,0.5815061261567586,-0.09650662835428027,1.0778405578231436,0.9875192240364399,0.7655950706234812,-1.1229951377990466,-0.49510350708441053,-0.9092403808697501,0.5433658238391869,-0.2164692400306775,-1.3343593506538463,-0.32565894637614384,-0.8726829928652967,-1.0050927533341623,-0.6507566626536797,1.5490162902935798,0.8518507426054431,0.803362094482556,-0.009652722260172818
F14_PRE,Age_55_87,-0.6778343894045651,1.8764385330673348,-1.6068059518649322,-1.8357441266579924,-1.0473588500161466,-1.5967819400526146,-2.4354715142103656,-1.6075637845681539,-2.0909625176676245,-3.0435781546344405,0.042371359860703325,0.951616063414727,-0.5590169943749473,-0.5104167109736747,1.5891555725066826,2.0013048012319015,0.9121299760720886,0.20487527480762724,-0.38622096202738887,0.9457596008398901,0.6829050011060697,0.05099568563191471,-0.03275433632847653,0.6672213741452346,-0.9598269870015819,0.3776542565684181,1.355061836449822,1.1526969445966961,-0.20719715540159736,0.8304810377318836,-0.3908235720469316,-0.33360052361876213,0.10753888064326043,2.262230619663406,-1.9430724549434788,-1.8567661938915256,-1.8926278909474672,1.183304698117136,0.15874047731488955,0.18358108307054444,-0.056930877050778,0.5376784522721878,-0.19669387141495698,-0.07646634377843908,-0.004787185948505137,-1.0327698120580437,-1.0982627605454687,0.46860303572379014,-0.7006291560336337,-0.7134947705691786,-1.607265304129181,-1.1073775792275797,0.8667268047492686,2.5923506416982787,0.3843236470367711,-0.21765456456363386,-1.2899720898551381,-0.8446143225962149,-1.0353374009216636
FORMER_E01_PRE,Age_55_87,-0.6778343894045651,1.2654173424001824,-0.6650960109532521,0.07306322460826883,-0.3452956014584204,-1.451331588293373,-0.8361253935595929,-0.29971528186863905,-0.7285254020832901,-1.3025482780427056,-0.3389708788856284,-0.7332123767293798,-0.5590169943749473,0.5920833847294626,-2.898667703780026e-16,0.40439918936944624,1.2865686306298623,-0.06119660337415056,0.060251259479687916,-0.5499528809548904,0.3520061593329024,-0.512773238103495,-0.8063635116930993,-1.0320168477979927,2.0730148451813797,0.2821300750354305,0.500079103332497,0.5550367487824016,0.01661834124570331,0.32229198046929464,0.2924539091119625,0.30818106028644965,0.1672182187080187,0.6089369499972493,-1.5169721098968547,-1.443984190660824,-0.10756943514139805,-0.04249158456006696,-0.9181839241195584,-0.8501783506422331,0.4517921507008287,-0.5456301416549554,0.2043405389964163,0.2583185118412897,0.8927951042990655,0.0,4.3348661920842427e-16,-5.274535832820104e-15,0.0,0.0,0.0,-6.759968095106542e-16,-0.4523920085241866,-0.7208886304777663,0.7256298595517441,0.9091787480832275,-0.004183733152297548,-1.105868386683499,0.007752925752817666
